"","id","cond","aware","addcno","addino","addnooutliers","addcrx","addclrx","addirx","addilrx","subcno","subino","subnooutliers","subcrx","subclrx","subirx","subilrx","Purpose","ExplicitAware","Type","pass","completeunaware","awareness","eye","block","filter_$","addpro","subpro","addout","subout"
"1",1173,2,0.453125,19,20,22,1237.166667,7.074899282,1233.3,7.093574437,24,24,48,818.2083333,6.681405586,780.875,6.64965674,2,1,2,1,0,0,1,1,0,0.609375,1,0.34375,1
"2",1176,3,0.53125,9,7,10,1142,7.013396565,1118,6.967122231,2,4,0,0,0,0,0,2,2,0,1,1,0,0,0,0,0.25,0.125,0.15625,0
"3",1027,2,0.578125,32,32,60,509.8,6.229345122,503.3666667,6.214718156,24,24,48,492.2916667,6.195711988,491.2083333,6.193221812,0,0,0,1,0,0,1,1,0,1,1,0.9375,1
"4",1120,3,0.5,32,32,62,658.483871,6.45730407,615.1935484,6.401820893,24,24,48,679.7083333,6.506326106,706.0833333,6.542503512,0,0,0,1,0,0,0,0,0,1,1,0.96875,1
"5",1010,3,0.5,32,32,64,442.6875,6.086479806,456.0625,6.118551009,24,24,47,470.4347826,6.149410173,466.4583333,6.143052311,2,2,0,1,1,1,0,0,1,1,1,1,0.979166666666667
"6",1011,2,0.40625,32,32,63,503.46875,6.21487498,522.3870968,6.25193818,24,24,46,548.5909091,6.298744879,512.25,6.226529339,2,2,0,1,1,1,1,1,1,1,1,0.984375,0.958333333333333
"7",1014,4,0.53125,32,32,62,498.1,6.203044559,513.6875,6.235498339,24,24,48,513.5416667,6.236926093,511.0833333,6.232112019,2,2,0,1,1,1,1,0,1,1,1,0.96875,1
"8",1020,4,0.515625,32,32,64,421.0625,6.03778199,412.375,6.017217696,24,24,47,428.125,6.056562342,427.173913,6.055520107,2,2,0,1,1,1,1,0,1,1,1,1,0.979166666666667
"9",1023,4,0.5,32,32,64,574.59375,6.337244084,587.3125,6.367824172,24,24,47,541.2916667,6.279625896,573,6.340034466,2,2,0,1,1,1,1,0,1,1,1,1,0.979166666666667
"10",1024,4,0.484375,32,32,64,639.53125,6.45499796,647.875,6.466258339,24,24,46,701.2916667,6.540995588,653.5454545,6.473688859,2,2,0,1,1,1,1,0,1,1,1,1,0.958333333333333
"11",1026,4,0.515625,29,28,55,515.862069,6.233433597,539,6.28013536,24,24,47,523.5,6.25251274,528.9565217,6.262454264,2,2,0,1,1,1,1,0,1,0.890625,1,0.859375,0.979166666666667
"12",1029,3,0.5,32,32,63,458.6129032,6.122782184,471.875,6.15238239,24,24,48,432.4583333,6.066284813,418.2083333,6.031393444,2,2,0,1,1,1,0,0,1,1,1,0.984375,1
"13",1031,1,0.5625,32,32,61,538.3448276,6.285292109,548.5,6.303146851,24,24,48,528.9166667,6.268082209,528.6666667,6.26729712,2,2,0,1,1,1,0,1,1,1,1,0.953125,1
"14",1035,2,0.5,32,32,63,542.2258065,6.29162722,550.8125,6.303171899,24,24,48,543.0833333,6.291907388,545.3333333,6.2957943,2,2,0,1,1,1,1,1,1,1,1,0.984375,1
"15",1036,4,0.5,32,32,62,446.7419355,6.097068362,460.6774194,6.128365253,24,24,48,432.4166667,6.065476636,433.75,6.069401623,2,2,0,1,1,1,1,0,1,1,1,0.96875,1
"16",1038,4,0.4375,32,32,62,530.5806452,6.265557302,523.6129032,6.254363564,24,24,47,557.5217391,6.317885157,533.125,6.275078308,2,2,0,1,1,1,1,0,1,1,1,0.96875,0.979166666666667
"17",1039,1,0.555555556,32,31,62,538.9677419,6.283781339,537.5483871,6.282897883,23,24,46,515.5,6.241597434,522.4583333,6.251739022,2,2,0,1,1,1,0,1,1,0.984375,0.979166666666667,0.96875,0.958333333333333
"18",1040,2,0.5,32,32,61,576.862069,6.343180334,536,6.278645353,24,24,48,543.4583333,6.290764755,580.9583333,6.355839498,2,2,0,1,1,1,1,1,1,1,1,0.953125,1
"19",1043,2,0.515625,32,32,63,554.71875,6.314651674,543.3225806,6.294063906,24,24,48,523.25,6.256688023,530.875,6.271670065,2,2,0,1,1,1,1,1,1,1,1,0.984375,1
"20",1044,4,0.515625,32,32,64,570.71875,6.336898684,549.71875,6.30098265,24,24,48,555.0416667,6.31384801,557.0416667,6.315302878,2,2,0,1,1,1,1,0,1,1,1,1,1
"21",1046,2,0.484375,32,32,64,518.96875,6.247604653,513.875,6.23945332,24,24,48,487.9166667,6.185822576,486.8333333,6.184918291,2,2,0,1,1,1,1,1,1,1,1,1,1
"22",1049,4,0.578125,32,32,63,528.15625,6.261336699,534.8709677,6.276234566,24,24,48,527.5416667,6.264762645,541.9583333,6.292441586,2,2,0,1,1,1,1,0,1,1,1,0.984375,1
"23",1050,1,0.40625,32,32,64,506.21875,6.222885213,501.96875,6.213388289,24,24,48,462.75,6.13205696,463.9583333,6.133766607,2,2,0,1,1,1,0,1,1,1,1,1,1
"24",1052,3,0.515625,32,32,63,573.6774194,6.3472685,581.46875,6.35998892,24,24,48,562.1666667,6.329749961,572.2916667,6.3459269,2,2,0,1,1,1,0,0,1,1,1,0.984375,1
"25",1053,2,0.53125,32,32,60,627.3333333,6.429442756,618.7666667,6.419197301,24,24,48,640.6666667,6.452132983,579.7916667,6.357229038,2,2,0,1,1,1,1,1,1,1,1,0.9375,1
"26",1054,4,0.578125,32,32,64,536.09375,6.278422613,520.5,6.249661475,24,24,47,542.25,6.292084406,561.2173913,6.323076708,2,2,0,1,1,1,1,0,1,1,1,1,0.979166666666667
"27",1055,3,0.515625,32,32,61,564.6333333,6.330066217,563.483871,6.328365173,24,24,48,533.5833333,6.271919624,531.4583333,6.271579119,2,2,0,1,1,1,0,0,1,1,1,0.953125,1
"28",1056,2,0.5,32,32,63,502.625,6.212503825,512.1290323,6.231768405,24,24,48,464.0833333,6.136010548,478.125,6.16396552,2,2,0,1,1,1,1,1,1,1,1,0.984375,1
"29",1057,4,0.453125,32,32,63,491.09375,6.187192981,503.8709677,6.215235669,24,24,47,519.5217391,6.24719146,538.4583333,6.280173557,2,2,0,1,1,1,1,0,1,1,1,0.984375,0.979166666666667
"30",1060,2,0.5,32,32,64,474.84375,6.161054977,494.6875,6.199026484,24,24,48,496.0833333,6.202210319,497.8333333,6.207933777,2,2,0,1,1,1,1,1,1,1,1,1,1
"31",1062,1,0.421875,32,32,64,574.75,6.34747104,559.8125,6.319718964,24,24,48,579.5833333,6.353622575,601.0833333,6.393165433,2,2,0,1,1,1,0,1,1,1,1,1,1
"32",1063,1,0.4375,32,32,63,517.0645161,6.237448965,528.28125,6.261741978,24,24,48,487.9583333,6.176964337,458.9583333,6.117144105,2,2,0,1,1,1,0,1,1,1,1,0.984375,1
"33",1065,2,0.5,32,32,63,640.5625,6.452833651,592.1612903,6.375412867,24,24,47,615.3478261,6.417065337,598.5833333,6.388269655,2,2,0,1,1,1,1,1,1,1,1,0.984375,0.979166666666667
"34",1066,4,0.5,32,32,63,548.4516129,6.298731201,524.25,6.253280054,24,24,48,526.625,6.259641482,531.0833333,6.271086255,2,2,0,1,1,1,1,0,1,1,1,0.984375,1
"35",1067,2,0.515625,32,32,63,580.4375,6.354410668,566.5483871,6.331303514,24,24,48,496.4583333,6.202403855,502.25,6.214590134,2,2,0,1,1,1,1,1,1,1,1,0.984375,1
"36",1068,4,0.515625,32,32,63,610.5,6.409948487,594.3225806,6.381599769,24,24,48,567.4166667,6.33673991,552.9166667,6.312159891,2,2,0,1,1,1,1,0,1,1,1,0.984375,1
"37",1073,2,0.555555556,32,32,61,574.6666667,6.348942449,578.9677419,6.354932348,24,24,48,547.1666667,6.297192469,545.7083333,6.294136253,2,2,0,1,1,1,1,1,1,1,1,0.953125,1
"38",1074,2,0.53125,32,32,64,617.78125,6.414714775,587.3125,6.35702736,24,24,47,634,6.447330098,644.7916667,6.45436476,2,2,0,1,1,1,1,1,1,1,1,1,0.979166666666667
"39",1075,3,0.5,32,28,57,561.4333333,6.320688072,616.0740741,6.416594524,24,24,46,581.826087,6.362317475,561.3913043,6.320935051,2,2,0,1,1,1,0,0,1,0.9375,1,0.890625,0.958333333333333
"40",1076,2,0.515625,32,32,64,582.96875,6.360335934,574.71875,6.347251322,24,24,47,617.75,6.422187054,610.6521739,6.410484376,2,2,0,1,1,1,1,1,1,1,1,1,0.979166666666667
"41",1077,4,0.5,32,31,62,524.3870968,6.258605164,494.7741935,6.197910873,24,24,48,494.0833333,6.197036095,493.2916667,6.197774429,2,2,0,1,1,1,1,0,1,0.984375,1,0.96875,1
"42",1078,1,0.5,32,32,64,679.84375,6.511142394,653.78125,6.471223581,24,24,47,689.4166667,6.524308484,640.4782609,6.458039605,2,2,0,1,1,1,0,1,1,1,1,1,0.979166666666667
"43",1079,4,0.5,32,32,60,622.3666667,6.429101309,644.4333333,6.464037403,24,24,47,586.8695652,6.369966412,620.625,6.425177062,2,2,0,1,1,1,1,0,1,1,1,0.9375,0.979166666666667
"44",1080,4,0.421875,32,32,59,693.6,6.530941045,684.8275862,6.503732344,24,24,44,762.0434783,6.627553115,762.1904762,6.626626038,2,2,0,1,1,1,1,0,1,1,1,0.921875,0.916666666666667
"45",1083,2,0.484375,32,32,52,782.3846154,6.654363663,750.4230769,6.615774261,24,24,47,626.4166667,6.429279065,646,6.467677066,2,2,0,1,1,1,1,1,1,1,1,0.8125,0.979166666666667
"46",1085,2,0.5,31,31,60,635.4,6.437441216,662.8333333,6.472732878,24,24,47,538.3913043,6.284611463,546.75,6.297674035,2,2,2,1,1,1,1,1,1,0.96875,1,0.9375,0.979166666666667
"47",1086,2,0.53125,32,32,60,616.137931,6.413867582,570.8064516,6.337034597,24,24,47,546.5217391,6.288552232,520.2916667,6.245458488,2,2,0,1,1,1,1,1,1,1,1,0.9375,0.979166666666667
"48",1087,4,0.484375,32,32,59,549.6551724,6.297951119,548.5333333,6.295136177,24,24,46,564.9583333,6.329247571,582.3181818,6.362288917,2,2,0,1,1,1,1,0,1,1,1,0.921875,0.958333333333333
"49",1088,4,0.53125,32,32,60,561.8275862,6.324808762,564.1612903,6.332060755,24,24,45,578.6818182,6.349587018,555.2608696,6.310185804,2,2,0,1,1,1,1,0,1,1,1,0.9375,0.9375
"50",1095,2,0.515625,32,32,62,638.7419355,6.448916206,649.1935484,6.466323172,24,24,47,561.2608696,6.326146566,558.4583333,6.31334388,2,2,0,1,1,1,1,1,1,1,1,0.96875,0.979166666666667
"51",1097,2,0.546875,32,32,63,751.71875,6.601294286,718.3870968,6.542948199,24,24,48,640.0416667,6.452245856,640.75,6.453811428,2,2,0,1,1,1,1,1,1,1,1,0.984375,1
"52",1100,2,0.453125,32,32,61,569.3870968,6.340909436,595.5333333,6.386028237,24,24,47,546.4583333,6.299758845,571.2608696,6.334095597,2,2,0,1,1,1,1,1,1,1,1,0.953125,0.979166666666667
"53",1101,2,0.5,32,32,63,472.0322581,6.153893804,487.125,6.183303684,24,24,47,483.75,6.178529395,483.2608696,6.175051071,2,2,0,1,1,1,1,1,1,1,1,0.984375,0.979166666666667
"54",1102,1,0.59375,32,32,64,487.96875,6.182324556,487.4375,6.183440573,24,24,48,500,6.208487325,513.9166667,6.23630153,2,2,0,1,1,1,0,1,1,1,1,1,1
"55",1106,3,0.484375,32,32,63,570.625,6.334730015,545.9354839,6.290836179,24,24,48,514.25,6.238132933,518.7083333,6.245071087,2,2,0,1,1,1,0,0,1,1,1,0.984375,1
"56",1107,2,0.484375,32,32,63,571.9032258,6.342346777,573.21875,6.34784053,24,24,47,566.2916667,6.330297372,577.7826087,6.345428388,2,2,0,1,1,1,1,1,1,1,1,0.984375,0.979166666666667
"57",1109,3,0.484375,32,32,63,467.2580645,6.142080925,486.6875,6.181308368,24,24,47,503.173913,6.214656737,518.2916667,6.244106984,2,2,0,1,1,1,0,0,1,1,1,0.984375,0.979166666666667
"58",1110,2,0.453125,32,32,63,453.25,6.112953374,460.9354839,6.126990684,24,23,47,457.4166667,6.122313648,440.0434783,6.085031954,2,2,0,1,1,1,1,1,1,1,0.979166666666667,0.984375,0.979166666666667
"59",1111,3,0.578125,32,32,61,518.1935484,6.244033929,501.6666667,6.201131226,24,24,44,513.4347826,6.224199978,540.0952381,6.278879716,2,2,0,1,1,1,0,0,1,1,1,0.953125,0.916666666666667
"60",1112,4,0.484375,32,32,64,503.1875,6.216679106,493.5625,6.197681672,24,24,46,502.2173913,6.213446908,512.5652174,6.235912905,2,2,0,1,1,1,1,0,1,1,1,1,0.958333333333333
"61",1113,2,0.484375,32,32,64,586.5,6.36720511,578.3125,6.355250075,24,24,48,517.2083333,6.242760944,539.875,6.285048103,2,2,0,1,1,1,1,1,1,1,1,1,1
"62",1115,2,0.46875,32,32,61,568.9666667,6.332974225,595.5806452,6.368497089,24,24,45,593.4545455,6.372394906,628.1304348,6.43022803,2,2,0,1,1,1,1,1,1,1,1,0.953125,0.9375
"63",1118,1,0.484375,32,32,63,597.1612903,6.385612663,604.6875,6.399948635,24,24,45,508.8333333,6.17421714,540.3333333,6.258348866,2,2,0,1,1,1,0,1,1,1,1,0.984375,0.9375
"64",1121,2,0.4375,32,32,63,531.0322581,6.27040626,496.65625,6.20363078,24,24,47,510.0869565,6.231434127,505.0416667,6.221089188,2,2,0,1,1,1,1,1,1,1,1,0.984375,0.979166666666667
"65",1122,2,0.484375,32,32,63,693.0645161,6.53279116,650.9375,6.471852195,24,24,46,645.3333333,6.464503983,641.3636364,6.453463286,2,2,0,1,1,1,1,1,1,1,1,0.984375,0.958333333333333
"66",1123,3,0.515625,32,32,64,446.375,6.089433763,451.9375,6.109725632,24,24,48,459.0833333,6.126540261,466.0416667,6.139161373,2,2,0,1,1,1,0,0,1,1,1,1,1
"67",1124,4,0.46875,32,32,61,592.0689655,6.369227989,638.375,6.446624909,24,24,48,588,6.362484921,605.7083333,6.398839761,2,2,0,1,1,1,1,0,1,1,1,0.953125,1
"68",1127,4,0.546875,32,32,63,684.7096774,6.514967416,677.625,6.507586044,24,24,46,667.6956522,6.499280363,668.0434783,6.489631192,2,2,0,1,1,1,1,0,1,1,1,0.984375,0.958333333333333
"69",1128,3,0.390625,32,32,64,604.1875,6.39871478,573.875,6.344755801,24,24,47,583.0416667,6.36349998,601.5652174,6.395077172,2,2,0,1,1,1,0,0,1,1,1,1,0.979166666666667
"70",1129,3,0.421875,32,32,64,589.5,6.375592805,575.53125,6.348466143,24,24,48,646.4583333,6.467332489,637.1666667,6.452318926,2,2,0,1,1,1,0,0,1,1,1,1,1
"71",1131,4,0.5,32,32,63,529,6.264467931,518.03125,6.235891224,24,24,48,568.7083333,6.340030464,570.625,6.343518309,2,2,0,1,1,1,1,0,1,1,1,0.984375,1
"72",1132,4,0.5,32,32,63,541.09375,6.289056789,550.3225806,6.306258913,24,24,47,540.3043478,6.287331844,541.625,6.291837376,2,2,0,1,1,1,1,0,1,1,1,0.984375,0.979166666666667
"73",1133,3,0.484375,32,32,62,457.4333333,6.120193693,463.84375,6.130742742,24,24,47,463.375,6.135732874,469.1304348,6.14705443,2,2,0,1,1,1,0,0,1,1,1,0.96875,0.979166666666667
"74",1135,2,0.515625,32,32,64,577.84375,6.352456968,588,6.371505071,24,24,48,596.3333333,6.3856401,607.0416667,6.404136427,2,2,0,1,1,1,1,1,1,1,1,1,1
"75",1140,3,0.5,32,32,62,482.9677419,6.17568375,476.2580645,6.157747181,24,24,48,445.7083333,6.091350736,443.75,6.092542719,2,2,0,1,1,1,0,0,1,1,1,0.96875,1
"76",1143,2,0.515625,32,32,64,600,6.383357821,574.125,6.328245073,24,24,46,639.7727273,6.452335133,639.75,6.449085685,2,2,0,1,1,1,1,1,1,1,1,1,0.958333333333333
"77",1145,2,0.484375,32,32,57,690.6,6.52264325,696,6.539398971,24,24,47,648.7826087,6.46676388,651.125,6.470565781,2,2,0,1,1,1,1,1,1,1,1,0.890625,0.979166666666667
"78",1148,4,0.578125,32,32,64,477.1875,6.163854604,451.96875,6.110445724,24,24,47,491.4782609,6.19390238,481.9166667,6.175521827,2,2,0,1,1,1,1,0,1,1,1,1,0.979166666666667
"79",1150,1,0.53125,32,32,63,547.9677419,6.29985586,574.96875,6.340730961,24,24,46,559.0869565,6.319234466,575.7391304,6.348014275,1,2,0,1,1,1,0,1,1,1,1,0.984375,0.958333333333333
"80",1152,1,0.4375,32,32,64,525.375,6.259892721,509.96875,6.229972088,24,24,47,487.2608696,6.186091199,487.0416667,6.185677874,2,2,0,1,1,1,0,1,1,1,1,1,0.979166666666667
"81",1153,1,0.453125,32,32,63,593.5483871,6.379100356,585.71875,6.362632518,24,24,48,582.8333333,6.363665448,602.5416667,6.394668988,2,2,0,1,1,1,0,1,1,1,1,0.984375,1
"82",1154,3,0.390625,32,32,63,559.1612903,6.308682162,554.3125,6.301757241,24,24,48,510.2916667,6.230904952,517.4583333,6.235033386,2,2,0,1,1,1,0,0,1,1,1,0.984375,1
"83",1157,2,0.53125,32,32,62,489.1875,6.188358383,476.8666667,6.159757515,24,24,48,498.625,6.208624761,486.0416667,6.178497505,2,2,0,1,1,1,1,1,1,1,1,0.96875,1
"84",1158,2,0.484375,32,32,64,641.09375,6.438437593,663.40625,6.488480893,24,24,48,655.5416667,6.478912862,656.5416667,6.481417511,2,2,0,1,1,1,1,1,1,1,1,1,1
"85",1159,4,0.515625,32,32,64,545.03125,6.29392044,544.5,6.293688523,24,24,48,525.4583333,6.259239163,520.25,6.241418431,2,2,0,1,1,1,1,0,1,1,1,1,1
"86",1160,2,0.5,32,32,64,503.75,6.216278052,480.1875,6.169345359,24,24,47,494.3478261,6.19443004,511.7916667,6.225191514,2,2,0,1,1,1,1,1,1,1,1,1,0.979166666666667
"87",1161,1,0.515625,32,32,60,620.3103448,6.404070364,635.4193548,6.445228044,24,24,46,573.6521739,6.342907753,617.3913043,6.416577611,2,2,0,1,1,1,0,1,1,1,1,0.9375,0.958333333333333
"88",1164,3,0.46875,32,32,62,600.9666667,6.388405529,602.21875,6.389844602,24,24,48,600.1666667,6.388398159,625,6.428525912,2,2,0,1,1,1,0,0,1,1,1,0.96875,1
"89",1165,4,0.5,32,32,64,527.15625,6.261829209,501.15625,6.205033648,24,24,48,518.0416667,6.243836863,524.75,6.25873991,2,2,0,1,1,1,1,0,1,1,1,1,1
"90",1168,2,0.53125,32,32,64,508.8125,6.227033334,490.34375,6.191413982,24,24,47,492.9166667,6.193922097,514.7391304,6.236364855,2,2,0,1,1,1,1,1,1,1,1,1,0.979166666666667
"91",1174,1,0.453125,32,32,64,514.65625,6.23866047,505.03125,6.218196814,24,24,48,553,6.302417992,551.0416667,6.305406346,2,2,0,1,1,1,0,1,1,1,1,1,1
"92",1175,3,0.546875,32,32,62,486.516129,6.183703351,492.8709677,6.196039467,24,24,46,455.5416667,6.117954848,484.0454545,6.177268996,2,2,0,1,1,1,0,0,1,1,1,0.96875,0.958333333333333
"93",1179,3,0.5,32,32,64,473.25,6.151923858,477.4375,6.15959441,24,24,48,473.9166667,6.156476932,463.875,6.131514934,2,2,0,1,1,1,0,0,1,1,1,1,1
"94",1183,3,0.484375,32,32,64,519.90625,6.246950868,532.65625,6.272889823,24,24,48,522.9583333,6.254852222,520.6666667,6.248239972,2,2,0,1,1,1,0,0,1,1,1,1,1
"95",1185,4,0.515625,32,32,63,549.3225806,6.298435011,541.34375,6.286311213,24,24,46,574.9545455,6.346304466,574.4166667,6.343034915,2,2,0,1,1,1,1,0,1,1,1,0.984375,0.958333333333333
"96",1186,4,0.5,32,32,64,546.0625,6.293453429,538.8125,6.281984603,24,24,47,597.375,6.388838363,601.5652174,6.39669711,2,2,0,1,1,1,1,0,1,1,1,1,0.979166666666667
"97",1187,1,0.5,32,32,63,583.9677419,6.363437482,584.59375,6.367632598,24,24,48,619.9166667,6.42125478,612.875,6.411331197,2,2,0,1,1,1,0,1,1,1,1,0.984375,1
"98",1191,4,0.546875,32,32,60,525.4516129,6.255736607,540.5517241,6.281961349,24,24,48,520.2916667,6.248193107,524,6.258514515,2,2,0,1,1,1,1,0,1,1,1,0.9375,1
"99",1012,2,0.609375,32,32,63,526.1875,6.260217222,498.7419355,6.208921646,24,24,47,528.25,6.261531556,513.9130435,6.236432723,2,2,0,0,0,2,1,1,0,1,1,0.984375,0.979166666666667
"100",1017,3,1,32,32,61,652.5862069,6.47229534,666.96875,6.492832646,24,24,48,632.7916667,6.443696134,655.7916667,6.477199856,2,2,0,0,0,2,0,0,0,1,1,0.953125,1
"101",1032,2,0.625,32,32,63,629.65625,6.44055485,651.4516129,6.469787892,24,23,47,621.7083333,6.42704248,621.4347826,6.425419366,2,2,0,0,0,2,1,1,0,1,0.979166666666667,0.984375,0.979166666666667
"102",1051,2,0.609375,32,32,63,505.8709677,6.220110348,503.03125,6.20763908,24,24,48,518.875,6.24266569,553.4583333,6.308790192,2,2,0,0,0,2,1,1,0,1,1,0.984375,1
"103",1071,2,0.609375,32,32,64,549.90625,6.304914976,537.5625,6.283308559,24,24,48,533.375,6.273671402,529.5416667,6.267030525,2,2,0,0,0,2,1,1,0,1,1,1,1
"104",1084,4,0.625,32,32,60,551.1612903,6.305806847,561.2758621,6.324632538,24,24,48,533.5,6.276809555,557.625,6.320530662,2,2,0,0,0,2,1,0,0,1,1,0.9375,1
"105",1089,4,0.984375,32,32,59,783.8571429,6.649472322,763.3870968,6.624059037,24,24,46,743.9090909,6.598453938,755.5833333,6.616592791,2,2,0,0,0,2,1,0,0,1,1,0.921875,0.958333333333333
"106",1093,4,0.625,32,32,64,591,6.366879537,563.3125,6.317093462,24,24,48,619.4166667,6.42198493,604.875,6.39637987,2,2,0,0,0,2,1,0,0,1,1,1,1
"107",1094,4,0.625,32,32,63,590.4516129,6.373193887,578.1875,6.352796239,24,24,48,608.8333333,6.406556844,581.5416667,6.359614857,2,2,0,0,0,2,1,0,0,1,1,0.984375,1
"108",1104,3,0.625,32,32,62,551.6333333,6.304779674,532.875,6.268352179,24,24,48,461.7916667,6.130701603,442.2083333,6.08843484,2,2,0,0,0,2,0,0,0,1,1,0.96875,1
"109",1108,2,0.78125,32,32,63,461.75,6.129137792,455.8064516,6.115353722,24,24,47,473.6086957,6.15544694,493.0416667,6.195417085,2,2,0,0,0,2,1,1,0,1,1,0.984375,0.979166666666667
"110",1114,1,0.75,32,32,64,529.21875,6.26546919,540.9375,6.282062431,24,24,48,506.2916667,6.219602185,519.75,6.248537647,2,2,0,0,0,2,0,1,0,1,1,1,1
"111",1125,2,0.609375,32,32,63,501.28125,6.207681568,505.9354839,6.209599449,24,24,45,474.7916667,6.158706743,497.9047619,6.204610929,2,2,0,0,0,2,1,1,0,1,1,0.984375,0.9375
"112",1126,3,0.609375,32,32,63,488.1612903,6.183710991,468.1875,6.142550578,24,24,45,477.4782609,6.157225657,475,6.157466872,2,2,0,0,0,2,0,0,0,1,1,0.984375,0.9375
"113",1130,3,0.671875,32,32,62,468.483871,6.143835967,462.7741935,6.132212717,24,24,48,467.2083333,6.140414404,478.5416667,6.166884025,2,2,0,0,0,2,0,0,0,1,1,0.96875,1
"114",1137,1,0.625,32,32,64,522.375,6.251892154,491.3125,6.189499863,24,24,47,494.4782609,6.200891601,505.75,6.219433723,2,2,0,0,0,2,0,1,0,1,1,1,0.979166666666667
"115",1146,3,0.671875,32,32,62,673.5,6.504190839,637.65625,6.451913762,24,24,47,619.375,6.422607244,599.6086957,6.387811547,2,2,0,0,0,2,0,0,0,1,1,0.96875,0.979166666666667
"116",1147,4,0.921875,32,32,64,548.6875,6.296441526,562.8125,6.324698001,24,24,48,548.5416667,6.294173909,536.875,6.281099973,2,2,0,0,0,2,1,0,0,1,1,1,1
"117",1149,1,0.625,32,32,63,564.9375,6.329985722,563.4193548,6.325362304,24,24,48,562.125,6.322501145,591.4166667,6.375799532,2,2,0,0,0,2,0,1,0,1,1,0.984375,1
"118",1170,1,0.640625,32,32,63,513.7741935,6.236651933,500.90625,6.211022721,24,24,48,543.125,6.284498075,522.375,6.25237125,2,2,0,0,0,2,0,1,0,1,1,0.984375,1
"119",1022,3,0.5625,32,32,62,463.625,6.133203694,468.1666667,6.143753665,24,24,48,472.2916667,6.151946361,458.9166667,6.125925451,2,1,2,1,0,3,0,0,0,1,1,0.96875,1
"120",1033,1,0.4375,32,32,62,693.8387097,6.518685231,630.7096774,6.431019966,24,24,46,669.0434783,6.497548248,629.7826087,6.431975302,2,1,2,1,0,3,0,1,0,1,1,0.96875,0.958333333333333
"121",1041,2,0.5,32,32,63,538.9354839,6.284129444,554.59375,6.316136306,24,24,47,556.5416667,6.316674341,544.4347826,6.295984014,2,1,1,1,0,3,1,1,0,1,1,0.984375,0.979166666666667
"122",1048,2,0.515625,32,32,64,598.5,6.378190733,606.46875,6.397209973,24,24,48,646.3333333,6.457355018,615.875,6.414523457,2,1,1,1,0,3,1,1,0,1,1,1,1
"123",1059,2,0.59375,32,32,63,519.78125,6.245315114,493.8064516,6.193265113,24,24,47,540.625,6.283309175,521.6521739,6.251967861,2,1,2,1,0,3,1,1,0,1,1,0.984375,0.979166666666667
"124",1069,4,0.4375,32,32,62,671.483871,6.500694315,707.1290323,6.548693832,24,24,48,648.4166667,6.461733895,669.4166667,6.499035105,2,1,2,1,0,3,1,0,0,1,1,0.96875,1
"125",1070,1,0.516129032,32,32,64,564.125,6.326584203,535.375,6.276477212,24,24,48,559.0416667,6.322382059,560.875,6.320175421,2,1,2,1,0,3,0,1,0,1,1,1,1
"126",1072,3,0.484375,32,32,63,588.9032258,6.374694523,603.6875,6.394741617,24,24,48,632,6.441368251,647.2916667,6.46815915,2,1,2,1,0,3,0,0,0,1,1,0.984375,1
"127",1081,4,0.53125,32,32,59,672.5517241,6.504631928,654.4,6.479232698,24,24,44,636.2380952,6.44969165,625.6956522,6.432176155,2,1,2,1,0,3,1,0,0,1,1,0.921875,0.916666666666667
"128",1105,2,0.453125,31,32,61,813.2413793,6.688696961,778.25,6.647398116,24,24,48,709.5416667,6.547744583,711.6666667,6.557645318,2,1,2,1,0,3,1,1,0,0.984375,1,0.953125,1
"129",1119,2,0.515625,32,32,64,543.25,6.294486085,536.03125,6.280445229,24,24,48,568.125,6.339264588,527.4166667,6.262928401,2,1,0,1,0,3,1,1,0,1,1,1,1
"130",1136,4,0.546875,32,32,61,506.2413793,6.222620012,485.59375,6.175739094,24,24,48,466.5,6.139703725,479.625,6.167430232,1,1,2,1,0,3,1,0,0,1,1,0.953125,1
"131",1142,2,0.5,32,32,64,593.375,6.376021491,599.5,6.387392602,24,24,46,581,6.360691727,572.173913,6.342217847,2,1,2,1,0,3,1,1,0,1,1,1,0.958333333333333
"132",1155,2,0.546875,32,32,63,529.516129,6.268633526,512.09375,6.229426776,24,24,48,499.375,6.208519176,510.1666667,6.228985685,2,1,1,1,0,3,1,1,0,1,1,0.984375,1
"133",1162,3,0.46875,32,32,63,563.2258065,6.328744426,561.625,6.326875,24,24,48,589.9166667,6.377466192,585.4583333,6.367592964,2,1,1,1,0,3,0,0,0,1,1,0.984375,1
"134",1167,4,0.5,32,32,63,544.9375,6.288346374,549.0322581,6.300156172,24,24,47,550.5833333,6.305805835,555.2173913,6.313463506,2,1,2,1,0,3,1,0,0,1,1,0.984375,0.979166666666667
"135",1177,2,0.5,32,32,64,488.4375,6.18726047,508.15625,6.220582857,24,24,46,504.173913,6.216668917,503.7391304,6.218576996,2,1,2,1,0,3,1,1,0,1,1,1,0.958333333333333
"136",1181,4,0.59375,32,32,64,405.84375,6.001841277,406.3125,6.001036175,24,24,48,420.2916667,6.036852533,419.4166667,6.032912335,2,1,1,1,0,3,1,0,0,1,1,1,1
"137",1184,3,0.484375,32,32,62,510.9354839,6.228067171,522.0967742,6.246559319,24,24,46,531.1666667,6.269351633,496.7727273,6.194862616,2,1,1,1,0,3,0,0,0,1,1,0.96875,0.958333333333333
"138",1188,4,0.515625,32,32,64,648.0625,6.457393279,675.03125,6.501376351,24,24,48,592.9166667,6.378612626,591,6.375889407,2,1,2,1,0,3,1,0,0,1,1,1,1
"139",1189,2,0.5625,32,32,63,654.4375,6.465157231,691.2258065,6.530221769,24,24,48,622.5,6.425240239,636.375,6.443939973,2,1,2,1,0,3,1,1,0,1,1,0.984375,1
"140",1190,2,0.4375,32,32,63,548.483871,6.29990878,541,6.284133142,24,24,47,493.375,6.196454086,516.826087,6.243163593,2,1,2,1,0,3,1,1,0,1,1,0.984375,0.979166666666667
"141",1013,4,1,32,32,64,525.5,6.255779893,545.84375,6.292668375,24,24,47,507.9130435,6.223273662,497.5833333,6.205457092,2,1,1,0,0,4,1,0,0,1,1,1,0.979166666666667
"142",1016,4,0.984375,32,32,61,515.7586207,6.240534452,531.96875,6.271808296,24,24,48,505.2916667,6.222495767,499.4166667,6.209136778,2,1,0,0,0,4,1,0,0,1,1,0.953125,1
"143",1018,4,1,32,32,60,661.5357143,6.480513832,669.84375,6.499529707,24,24,45,721.9130435,6.570514593,763.7272727,6.627059705,2,1,1,0,0,4,1,0,0,1,1,0.9375,0.9375
"144",1021,4,0.96875,32,32,63,574.3870968,6.345514877,552.5625,6.299812775,23,24,47,532.4782609,6.273175761,557.2083333,6.316441922,2,1,0,0,0,4,1,0,0,1,0.979166666666667,0.984375,0.979166666666667
"145",1025,2,1,32,32,64,487.6875,6.183844126,514.3125,6.230462802,24,23,44,542.4347826,6.286058933,546.8095238,6.297654311,2,1,2,0,0,4,1,1,0,1,0.979166666666667,1,0.916666666666667
"146",1028,2,1,32,31,62,461.5625,6.128052562,466.2333333,6.138987967,24,24,47,457.0416667,6.119976556,444.7826087,6.094032879,2,1,0,0,0,4,1,1,0,0.984375,1,0.96875,0.979166666666667
"147",1030,4,0.984375,32,32,63,616.6875,6.414426035,612.6451613,6.396964231,24,24,48,525.0833333,6.260685269,504.4166667,6.219706391,2,1,1,0,0,4,1,0,0,1,1,0.984375,1
"148",1034,4,1,32,32,63,588.375,6.368120078,621.4516129,6.422447871,24,24,46,574,6.347166198,554.6086957,6.308951333,2,1,2,0,0,4,1,0,0,1,1,0.984375,0.958333333333333
"149",1037,4,0.634920635,32,32,63,508.7419355,6.226973314,513.0625,6.235777272,24,24,48,496.375,6.203805897,493.2916667,6.195731609,2,1,2,0,0,4,1,0,0,1,1,0.984375,1
"150",1045,2,0.96875,32,32,61,487.15625,6.182377179,471.0344828,6.150374866,24,24,48,463.2916667,6.12970382,469.875,6.145056276,2,1,1,0,0,4,1,1,0,1,1,0.953125,1
"151",1047,2,1,32,32,63,537.90625,6.280820657,539.0322581,6.286996463,24,24,48,547.1666667,6.297309855,549.875,6.302417154,2,1,1,0,0,4,1,1,0,1,1,0.984375,1
"152",1058,2,0.8125,32,32,63,592.3225806,6.374711614,573.03125,6.341928248,24,24,48,568.0416667,6.335464146,558.7916667,6.320384966,2,1,2,0,0,4,1,1,0,1,1,0.984375,1
"153",1064,4,1,32,32,61,538.516129,6.281605464,543.8666667,6.290056777,24,24,48,524.75,6.259291256,525.2916667,6.259901521,2,1,1,0,0,4,1,0,0,1,1,0.953125,1
"154",1082,3,0.828125,32,32,59,659.4666667,6.488126113,668.5517241,6.49817132,24,24,45,701.3913043,6.547205018,749.2727273,6.614162304,2,1,2,0,0,4,0,0,0,1,1,0.921875,0.9375
"155",1090,4,0.65625,32,32,62,803.2666667,6.682910447,785.96875,6.659997569,24,24,46,750.5652174,6.616095755,723.0434783,6.574737577,1,1,2,0,0,4,1,0,0,1,1,0.96875,0.958333333333333
"156",1092,4,0.796875,32,32,64,458.75,6.120847641,470.21875,6.144117788,24,24,48,475.9166667,6.160572014,484.25,6.177217962,2,1,2,0,0,4,1,0,0,1,1,1,1
"157",1096,2,0.796875,32,32,63,697.5483871,6.534427884,739.8125,6.597608444,24,24,47,661.7826087,6.482938358,639.2916667,6.450839678,2,1,2,0,0,4,1,1,0,1,1,0.984375,0.979166666666667
"158",1103,1,0.65625,32,31,61,598.4516129,6.374846483,581.8666667,6.344927676,24,24,48,530.375,6.268934507,547.8333333,6.300592704,2,1,2,0,0,4,0,1,0,0.984375,1,0.953125,1
"159",1116,4,0.96875,32,32,64,652,6.47141742,659.46875,6.48425364,23,24,47,633.0869565,6.442549188,633.1666667,6.443036802,2,1,2,0,0,4,1,0,0,1,0.979166666666667,1,0.979166666666667
"160",1117,4,0.828125,32,32,63,648.9032258,6.460248639,664.28125,6.487213009,24,24,48,564.875,6.320968245,544.125,6.285287205,2,1,1,0,0,4,1,0,0,1,1,0.984375,1
"161",1134,4,1,32,32,64,559.0625,6.320094779,569.625,6.338564967,24,24,48,585.3333333,6.364949875,559.25,6.317753796,2,1,1,0,0,4,1,0,0,1,1,1,1
"162",1138,2,0.953125,32,32,64,503.21875,6.217119522,489.84375,6.190169854,24,24,46,501.7916667,6.214570359,492.5909091,6.195225169,2,1,1,0,0,4,1,1,0,1,1,1,0.958333333333333
"163",1139,4,0.640625,32,24,54,523,6.239964712,518.1666667,6.244942802,24,19,40,555.0434783,6.304924896,577.6470588,6.347032684,2,1,2,0,0,4,1,0,0,0.875,0.895833333333333,0.84375,0.833333333333333
"164",1141,2,0.921875,32,32,63,546.65625,6.300850894,562.0967742,6.327913181,24,24,46,592.5833333,6.377238637,605.3181818,6.397216809,2,1,1,0,0,4,1,1,0,1,1,0.984375,0.958333333333333
"165",1151,1,1,32,32,64,518.375,6.243354981,531.46875,6.270220221,24,24,46,568.9545455,6.333754913,551.7083333,6.295030061,2,1,2,0,0,4,0,1,0,1,1,1,0.958333333333333
"166",1156,1,0.953125,32,32,63,543.4193548,6.290001536,548.59375,6.301692061,24,24,47,521.5833333,6.251688497,527.173913,6.261166949,1,1,1,0,0,4,0,1,0,1,1,0.984375,0.979166666666667
"167",1163,2,0.984375,32,32,62,589.03125,6.373535296,579.2666667,6.356001674,24,24,47,547.75,6.294074292,539.2173913,6.281028482,2,1,1,0,0,4,1,1,0,1,1,0.96875,0.979166666666667
"168",1166,2,1,32,32,64,540.6875,6.288549052,552.71875,6.310336043,24,24,47,562.6666667,6.328142795,548.7826087,6.30431369,2,1,2,0,0,4,1,1,0,1,1,1,0.979166666666667
"169",1169,2,0.90625,32,32,61,564.6774194,6.326221073,562.8666667,6.324623678,24,24,48,501.9583333,6.214716173,500.875,6.212793021,2,1,2,0,0,4,1,1,0,1,1,0.953125,1
"170",1178,3,1,32,32,64,521.625,6.244071108,515.25,6.2318901,24,24,48,551.4583333,6.302161657,513.125,6.230699126,2,1,2,0,0,4,0,0,0,1,1,1,1
"171",1180,4,0.765625,32,32,62,506.1875,6.207762825,514.4333333,6.212529793,24,24,47,442.2608696,6.07927411,463.625,6.12654057,2,1,1,0,0,4,1,0,0,1,1,0.96875,0.979166666666667
"172",1182,4,0.984375,32,32,61,524,6.254392773,500.4375,6.210060053,24,24,48,456.2916667,6.117571455,469.7916667,6.145540664,2,1,2,0,0,4,1,0,0,1,1,0.953125,1
"173",1192,4,0.984375,32,32,63,632.2580645,6.443320133,652.28125,6.451746149,24,24,48,601.75,6.393307469,631.125,6.433687204,2,1,2,0,0,4,1,0,0,1,1,0.984375,1
