Subject,Distance,Context,ClassRef,RT,Vis
5,3,1,1,NaN,1
5,2,0,1,0.83593,1
5,1,1,0,2.387,1
5,6,1,1,0.80359,1
5,2,1,1,1.6768,1
5,6,0,0,0.83812,1
5,5,1,1,0.63059,1
5,1,0,0,0.626,1
5,4,1,0,0.89049,1
5,4,0,1,0.67122,1
5,3,0,0,0.69496,1
5,5,0,0,1.0729,1
5,3,1,0,0.58292,1
5,5,0,0,0.89741,1
5,2,1,0,0.99608,1
5,6,0,0,1.0073,1
5,4,0,0,0.84444,1
5,1,1,0,0.64684,1
5,5,1,1,0.74692,1
5,6,1,1,0.6323,1
5,1,0,1,0.59816,1
5,2,0,1,0.87746,1
5,3,0,1,0.54538,1
5,4,1,1,0.56049,1
5,2,0,1,1.5204,1
5,6,0,0,0.56511,1
5,2,1,0,0.81104,1
5,6,1,1,0.49947,1
5,3,1,0,0.62607,1
5,5,0,0,0.696,1
5,4,0,0,0.72265,1
5,3,0,1,0.60596,1
5,5,1,1,0.59584,1
5,1,1,0,0.61315,1
5,4,1,0,0.80318,1
5,1,0,1,0.92223,1
5,5,1,1,0.47882,1
5,2,1,0,0.55086,1
5,6,1,1,0.57273,1
5,2,0,1,0.56056,1
5,1,0,1,0.79511,1
5,4,1,1,0.59055,1
5,5,0,0,0.6171,1
5,6,0,0,0.57486,1
5,1,1,0,1.0088,1
5,3,1,1,0.5494,1
5,3,0,0,0.66599,1
5,4,0,0,0.67337,1
5,2,1,0,0.54996,1
5,5,0,0,0.63776,1
5,1,1,1,0.94445,1
5,3,1,1,0.91323,1
5,1,0,0,0.78088,1
5,6,0,0,0.81545,1
5,6,1,1,0.75072,1
5,5,1,1,0.7813,1
5,3,0,1,0.56653,1
5,4,0,1,0.57714,1
5,2,0,0,0.69907,1
5,4,1,1,0.75232,1
5,5,0,0,0.64846,1
5,4,1,1,0.55298,1
5,3,0,1,0.60953,1
5,4,0,0,0.50678,1
5,5,1,1,0.58537,1
5,2,1,0,0.53599,1
5,1,0,1,0.62994,1
5,6,1,1,0.52853,1
5,1,1,1,NaN,1
5,2,0,1,0.73232,1
5,3,1,1,0.56946,1
5,6,0,0,0.63687,1
5,1,1,0,0.58691,1
5,5,0,0,0.55395,1
5,6,0,0,0.58381,1
5,1,0,1,0.64838,1
5,3,1,0,0.46563,1
5,4,1,1,0.5837,1
6,3,1,0,1.5153,2
6,2,0,0,0.70533,1
6,1,1,0,0.61708,2
6,6,1,0,1.5124,2
6,2,1,0,0.73501,2
6,6,0,1,0.59693,2
6,5,1,0,0.61605,2
6,1,0,0,0.37877,1
6,4,1,1,0.60327,1
6,4,0,0,0.82664,1
6,3,0,1,0.45658,2
6,5,0,0,0.37205,1
6,3,1,0,0.43165,2
6,5,0,0,0.42758,1
6,2,1,0,0.42634,2
6,6,0,0,0.4381,1
6,4,0,1,0.5808,2
6,1,1,0,3.0181,1
6,5,1,0,0.85989,2
6,6,1,1,0.6825,2
6,1,0,1,0.52857,2
6,2,0,1,1.1315,2
6,3,0,1,0.62549,2
6,4,1,0,0.57331,2
6,2,0,1,0.59607,2
6,6,0,0,0.54333,1
6,2,1,0,0.63724,2
6,6,1,1,0.7037,1
6,3,1,0,0.52561,2
6,5,0,0,0.80696,1
6,4,0,1,0.79213,2
6,3,0,1,0.81139,2
6,5,1,1,0.50629,3
6,1,1,0,0.57197,2
6,4,1,1,0.61317,1
6,1,0,1,0.60608,2
6,5,1,1,0.73642,1
6,2,1,0,0.60904,2
6,6,1,0,1.7335,2
6,2,0,0,0.56203,2
6,1,0,1,0.46061,2
6,4,1,1,1.15,1
6,5,0,1,0.65642,2
6,6,0,1,0.87514,1
6,1,1,0,0.68192,2
6,3,1,0,0.57754,2
6,3,0,1,0.84542,2
6,4,0,0,0.60466,1
6,2,1,0,0.47659,2
6,5,0,1,0.76883,2
6,1,1,1,0.7011,1
6,3,1,0,0.62123,2
6,1,0,1,0.70231,2
6,6,0,0,0.59837,1
6,6,1,1,0.76703,1
6,5,1,1,0.64564,1
6,3,0,1,0.56155,1
6,4,0,1,0.58127,2
6,2,0,1,0.77339,2
6,4,1,1,0.55979,1
6,5,0,1,0.57572,1
6,4,1,0,0.38097,2
6,3,0,1,0.51619,2
6,4,0,1,0.55489,1
6,5,1,0,0.53165,2
6,2,1,0,0.59732,1
6,1,0,1,0.60658,1
6,6,1,1,0.60048,2
6,1,1,0,0.58709,2
6,2,0,1,0.57836,2
6,3,1,0,0.63026,2
6,6,0,0,1.1189,1
6,1,1,0,0.64018,2
6,5,0,1,0.73468,1
6,6,0,1,0.64274,2
6,1,0,1,0.6452,1
6,3,1,0,0.65106,1
6,4,1,1,0.66104,1
6,2,0,1,0.53221,2
6,5,1,1,0.64345,1
6,6,1,1,0.67206,2
6,3,0,1,0.5813,3
6,2,1,0,0.51055,3
6,4,0,1,0.58044,2
6,6,1,0,0.77242,1
6,5,0,1,0.5777,2
6,3,1,0,0.59903,2
6,1,1,0,0.63018,2
6,3,0,0,0.6674,2
6,5,1,0,0.73082,1
6,6,0,1,0.57861,1
6,1,0,1,0.69336,2
6,4,1,0,0.60929,2
6,2,1,0,0.59902,2
6,4,0,1,0.5412,2
6,2,0,1,0.56625,2
6,4,1,1,0.9975,1
6,3,1,0,0.64209,2
6,6,1,0,0.5888,1
6,6,0,1,0.61952,1
6,1,0,1,0.55263,2
6,5,0,1,0.55774,1
6,5,1,0,0.80031,2
6,3,0,1,0.58451,2
6,2,1,0,0.79949,2
6,1,1,0,0.6188,2
6,4,0,0,0.59666,1
6,2,0,1,0.59056,1
6,5,1,0,0.63045,2
6,4,0,0,0.51194,1
6,3,0,0,0.70975,2
6,2,1,1,0.52772,2
6,1,0,1,0.5176,1
6,6,1,0,0.54145,1
6,2,0,1,0.56332,1
6,1,1,0,0.62265,1
6,3,1,0,0.56531,1
6,4,1,1,0.70662,2
6,5,0,0,1.1938,1
6,6,0,1,0.549,1
6,5,1,0,0.3904,1
6,3,1,0,0.55816,1
6,1,0,1,0.71966,1
6,4,1,1,0.58141,1
6,1,1,0,0.56518,1
6,3,0,1,0.82976,2
6,6,1,1,0.79175,1
6,6,0,0,0.47758,1
6,2,1,0,0.65482,2
6,5,0,0,0.76164,1
6,4,0,1,0.5646,2
6,2,0,0,0.43321,1
6,3,1,1,0.51108,1
6,6,1,1,0.403,1
6,4,0,0,0.69828,2
6,1,1,0,0.4555,2
6,6,0,0,0.58675,1
6,2,1,0,0.62528,2
6,2,0,1,0.57195,2
6,4,1,1,0.57803,2
6,1,0,1,0.58657,2
6,5,0,0,0.65408,1
6,5,1,0,0.39285,1
6,3,0,1,0.57155,1
6,5,1,0,0.50382,2
6,1,1,0,0.62211,2
6,1,0,1,0.49734,2
6,5,0,1,0.70996,1
6,2,1,0,0.48519,2
6,3,0,1,0.53708,2
6,6,1,0,0.55725,2
6,3,1,0,0.78558,2
6,4,1,0,0.61119,2
6,4,0,1,0.48548,2
6,6,0,1,NaN,1
6,2,0,1,0.55663,2
6,6,1,1,0.47737,1
6,3,0,0,0.59052,2
6,3,1,0,0.57114,2
6,1,1,0,0.53907,1
6,1,0,1,0.53833,1
6,6,0,0,0.63844,1
6,5,0,0,0.51352,1
6,5,1,1,0.45406,1
6,4,1,1,0.73126,1
6,4,0,0,0.48445,1
6,2,1,0,0.57323,1
6,2,0,1,0.58313,2
6,4,1,0,0.48027,2
6,3,1,0,0.50419,2
6,5,1,1,0.73227,2
6,3,0,1,0.64406,2
6,6,1,0,0.77475,1
6,1,1,0,0.72525,2
6,2,0,1,0.5705,2
6,6,0,0,0.58043,1
6,1,0,1,0.97529,2
6,2,1,0,0.57363,2
6,4,0,1,0.54749,2
6,5,0,1,0.65474,2
6,3,1,0,0.69834,2
6,5,1,1,0.67066,1
6,5,0,0,0.51719,2
6,2,0,1,0.64973,1
6,4,0,1,0.52634,1
6,4,1,1,0.46027,1
6,6,1,1,0.59282,1
6,6,0,0,0.58686,1
6,2,1,0,0.47207,1
7,3,1,0,1.0328,1
7,2,0,1,0.65929,1
7,1,1,0,0.61257,1
7,6,1,1,0.86321,2
7,2,1,1,1.0158,1
7,6,0,1,0.58895,1
7,5,1,0,0.85951,1
7,1,0,1,0.60682,1
7,4,1,0,1.1259,1
7,4,0,0,0.69716,2
7,3,0,1,0.99573,1
7,5,0,1,0.55448,1
7,3,1,0,0.68975,1
7,5,0,1,0.84242,1
7,2,1,0,1.2101,1
7,6,0,0,0.48012,1
7,4,0,0,0.5172,1
7,1,1,1,0.91039,1
7,5,1,0,0.47097,1
7,6,1,0,0.47288,1
7,1,0,1,0.40624,1
7,2,0,1,0.28827,1
7,3,0,1,0.39272,1
7,4,1,1,0.26655,1
7,2,0,1,0.26989,1
7,6,0,1,0.21313,1
7,2,1,0,0.275,1
7,6,1,0,0.24425,1
7,3,1,0,0.23151,1
7,5,0,1,0.35893,1
7,4,0,1,0.31612,1
7,3,0,1,0.44938,1
7,5,1,0,0.33501,1
7,1,1,1,0.61984,1
7,4,1,0,0.73508,1
7,1,0,0,0.66038,1
7,5,1,0,0.36895,1
7,2,1,0,0.33485,1
7,6,1,0,0.21739,1
7,2,0,1,0.6766,1
7,1,0,1,0.44798,1
7,4,1,1,0.41785,1
7,5,0,0,0.45773,1
7,6,0,0,0.59862,1
7,1,1,0,0.2889,1
7,3,1,0,0.19083,1
7,3,0,1,0.2039,1
7,4,0,1,0.47729,1
7,2,1,0,0.30718,1
7,5,0,0,0.42048,1
7,1,1,0,0.26439,1
7,3,1,0,0.1983,1
7,1,0,1,0.23833,1
7,6,0,1,0.30557,1
7,6,1,0,0.19412,1
7,5,1,0,0.18306,1
7,3,0,1,0.26342,1
7,4,0,1,0.18306,1
7,2,0,1,0.18306,1
7,4,1,0,0.19975,1
7,5,0,1,0.47634,1
7,4,1,0,0.42436,1
7,3,0,1,0.41823,1
7,4,0,1,0.28548,1
7,5,1,0,0.21071,1
7,2,1,0,0.204,1
7,1,0,1,0.18306,1
7,6,1,0,0.18306,1
7,1,1,0,0.44699,1
7,2,0,1,0.20178,1
7,3,1,0,0.27307,1
7,6,0,1,0.24565,1
7,1,1,0,0.26215,1
7,5,0,1,0.21285,1
7,6,0,1,0.23403,1
7,1,0,1,0.18306,1
7,3,1,0,0.18306,1
7,4,1,0,0.18306,1
7,2,0,1,0.46904,1
7,5,1,0,0.2583,1
8,3,1,1,2.7712,1
8,2,0,1,0.94297,1
8,1,1,0,4.4135,1
8,6,1,1,4.7671,1
8,2,1,0,1.3962,1
8,6,0,0,0.56738,1
8,5,1,0,7.2518,1
8,1,0,1,2.7635,1
8,4,1,0,1.3306,1
8,4,0,0,0.76704,1
8,3,0,1,0.63633,1
8,5,0,0,0.52291,1
8,3,1,0,0.6242,1
8,5,0,0,1.2193,1
8,2,1,0,0.75306,1
8,6,0,0,0.4971,1
8,4,0,0,6.0808,1
8,1,1,0,1.0067,1
8,5,1,1,0.46173,1
8,6,1,1,0.54291,1
8,1,0,1,1.0541,1
8,2,0,1,0.68057,1
8,3,0,0,1.1319,1
8,4,1,1,0.55584,1
8,2,0,1,0.83442,1
8,6,0,0,0.56878,1
8,2,1,0,2.7654,1
8,6,1,1,0.56053,1
8,3,1,0,0.75913,1
8,5,0,0,0.53034,1
8,4,0,0,0.53096,1
8,3,0,1,0.63161,1
8,5,1,1,0.50157,1
8,1,1,1,0.43553,1
8,4,1,1,1.2727,1
8,1,0,1,0.47251,1
8,5,1,1,0.43377,1
8,2,1,0,0.60168,1
8,6,1,1,0.41745,1
8,2,0,1,0.43553,1
8,1,0,1,0.40794,1
8,4,1,1,0.55403,1
8,5,0,0,0.51707,1
8,6,0,0,0.37631,1
8,1,1,0,0.40301,1
8,3,1,0,0.42551,1
8,3,0,1,0.5581,1
8,4,0,1,1.5055,1
8,2,1,0,0.57401,1
8,5,0,0,0.62312,1
8,1,1,0,0.60511,1
8,3,1,1,1.1316,1
8,1,0,1,0.43539,1
8,6,0,0,0.43937,1
8,6,1,1,0.38083,1
8,5,1,1,0.36467,1
8,3,0,1,0.47926,1
8,4,0,0,1.0344,1
8,2,0,1,0.86958,1
8,4,1,0,1.5261,1
8,5,0,0,0.73068,1
8,4,1,1,0.5892,1
8,3,0,1,0.57245,1
8,4,0,0,0.5158,1
8,5,1,1,0.46227,1
8,2,1,0,0.41815,1
8,1,0,1,0.54873,1
8,6,1,0,2.3733,1
8,1,1,0,1.3372,1
8,2,0,1,0.49101,1
8,3,1,0,0.40823,1
8,6,0,0,0.49082,1
8,1,1,0,0.50821,1
8,5,0,0,0.47012,1
8,6,0,0,0.41186,1
8,1,0,1,0.4777,1
8,3,1,0,0.56518,1
8,4,1,1,0.3696,1
1,3,1,1,1.3697,1
1,2,0,0,2.3389,1
1,1,1,0,3.3278,2
1,6,1,1,1.4383,1
1,2,1,1,1.7881,2
1,6,0,0,2.6125,2
1,5,1,1,3.1636,2
1,1,0,0,2.4834,1
1,4,1,1,4.9458,1
1,4,0,0,2.4188,1
1,3,0,0,2.2073,1
1,5,0,1,1.401,1
1,3,1,0,1.6862,2
1,5,0,1,2.1781,1
1,2,1,1,1.1678,1
1,6,0,0,0.8904,1
1,4,0,1,3.0322,1
1,1,1,0,1.3562,1
1,5,1,1,1.2646,1
1,6,1,1,NaN,1
1,1,0,0,1.1216,1
1,2,0,1,0.76897,1
1,3,0,1,0.82133,1
1,4,1,0,1.66,1
1,2,0,0,0.5958,1
1,6,0,0,0.86986,1
1,2,1,1,0.9269,1
1,6,1,1,0.85355,1
1,3,1,0,1.1448,1
1,5,0,1,1.0807,1
1,4,0,0,0.73381,1
1,3,0,1,0.50308,1
1,5,1,0,0.48965,1
1,1,1,0,0.75824,1
1,4,1,0,0.69215,1
1,1,0,0,0.6222,1
1,5,1,0,0.80327,1
1,2,1,1,0.31266,1
1,6,1,0,0.77254,1
1,2,0,0,0.61707,1
1,1,0,1,0.59692,1
1,4,1,1,NaN,1
1,5,0,0,0.58131,1
1,6,0,1,0.30998,1
1,1,1,1,NaN,1
1,3,1,0,0.34916,1
1,3,0,0,0.39842,1
1,4,0,0,0.98363,1
1,2,1,0,0.68874,1
1,5,0,0,1.0481,1
1,1,1,0,0.66053,1
1,3,1,1,0.60185,1
1,1,0,1,0.9745,1
1,6,0,0,0.7011,1
1,6,1,0,0.55687,1
1,5,1,1,0.68085,1
1,3,0,1,0.7387,1
1,4,0,0,0.75537,1
1,2,0,1,0.63926,1
1,4,1,0,0.18306,1
1,5,0,0,0.35699,1
1,4,1,1,0.76368,1
1,3,0,1,0.28819,1
1,4,0,0,0.65595,1
1,5,1,1,0.55534,1
1,2,1,0,0.90111,1
1,1,0,0,0.30183,1
1,6,1,0,0.37838,1
1,1,1,1,0.49422,1
1,2,0,1,0.78562,1
1,3,1,0,0.76672,1
1,6,0,0,0.50053,1
1,1,1,0,0.43311,1
1,5,0,1,0.46305,1
1,6,0,0,0.29775,1
1,1,0,1,0.55688,1
1,3,1,1,0.5948,1
1,4,1,0,1.4148,1
1,2,0,0,2.2559,1
1,5,1,0,0.31574,1
1,6,1,1,0.40369,1
1,3,0,1,0.39897,1
1,2,1,1,0.76826,1
1,4,0,0,NaN,1
1,6,1,0,0.36808,1
9,6,0,1,1.88,2
9,5,0,1,3.2885,1
9,6,1,1,NaN,1
9,4,0,1,1.8347,1
9,3,0,0,NaN,2
9,3,1,0,4.3989,3
9,1,1,1,1.7814,3
9,2,0,1,NaN,3
9,5,1,1,2.0289,3
9,2,1,0,1.4402,3
9,4,1,0,1.9653,3
9,1,0,0,2.69,1
9,3,1,1,1.3038,1
9,6,0,0,1.3383,2
9,4,1,0,5.7174,2
9,1,0,0,2.8778,2
9,2,1,1,1.0757,2
9,2,0,1,1.6609,2
9,5,1,1,1.1254,2
9,3,0,1,NaN,3
9,5,0,0,1.7576,1
9,6,1,1,NaN,3
9,4,0,1,10.064,2
9,1,1,0,0.85624,2
9,6,0,1,1.1501,2
9,2,1,1,1.766,1
9,4,0,1,1.1977,1
9,1,0,0,0.6703,2
9,3,0,1,0.9462,2
9,3,1,1,0.72146,1
9,5,0,0,0.79873,2
9,6,1,1,0.6999,1
9,2,0,1,1.0919,3
9,1,1,1,1.5764,2
9,5,1,1,1.5183,1
9,4,1,1,1.3281,1
9,4,0,0,1.4887,1
9,4,1,0,1.5605,2
9,1,1,1,1.3605,1
9,2,1,1,3.2557,2
9,2,0,0,2.7067,1
9,3,1,1,2.3779,1
9,6,0,1,0.72636,1
9,5,1,1,1.0209,1
9,3,0,1,1.7295,2
9,5,0,1,0.91469,2
9,1,0,1,0.83922,2
9,6,1,1,0.5971,1
9,3,0,0,0.66632,2
9,1,1,0,0.70224,1
9,2,1,1,0.88694,1
9,4,1,1,0.47754,1
9,1,0,0,0.65932,1
9,6,0,0,0.60858,1
9,6,1,1,0.85916,1
9,5,1,0,0.87503,2
9,3,1,1,0.7037,1
9,5,0,0,0.82487,1
9,4,0,0,0.85606,1
9,2,0,1,0.89667,2
9,1,1,1,0.72861,1
9,5,0,1,0.7953,1
9,1,0,0,0.74771,2
9,5,1,1,0.9025,2
9,2,1,0,0.76034,2
9,4,0,0,0.63087,1
9,2,0,0,0.8561,1
9,6,0,0,0.5786,1
9,6,1,1,0.99319,2
9,4,1,1,0.38308,1
9,3,0,1,0.9131,2
9,3,1,1,0.74566,1
9,6,0,0,0.75548,1
9,2,1,1,NaN,2
9,5,1,0,1.5199,1
9,6,1,1,2.6644,1
9,4,0,0,0.71894,1
9,3,0,1,0.59957,2
9,4,1,1,0.55224,1
9,2,0,0,0.85748,1
9,5,0,0,1.0179,1
9,1,1,1,7.8051,1
9,1,0,1,1.4934,1
9,3,1,1,NaN,2
9,1,0,1,0.85076,2
9,6,1,1,1.1495,1
9,4,1,1,1.1534,1
9,2,0,1,0.87267,2
9,3,0,1,0.75854,2
9,3,1,0,0.73054,2
9,6,0,0,0.86096,2
9,1,1,0,0.81484,3
9,5,0,0,1.9647,2
9,4,0,1,1.8394,2
9,5,1,1,0.88918,2
9,2,1,0,0.80639,2
9,5,0,0,0.99171,2
9,3,1,1,1.0348,2
9,2,0,1,0.87938,2
9,6,0,0,0.83337,1
9,2,1,0,0.89589,2
9,1,0,1,0.85985,2
9,1,1,0,1.0183,2
9,6,1,1,0.79755,1
9,5,1,1,1.0069,1
9,3,0,1,0.87885,2
9,4,0,0,0.99268,1
9,4,1,1,0.7445,1
9,3,0,1,0.7991,2
9,5,1,1,0.68965,1
9,4,1,1,0.69689,1
9,4,0,0,0.74495,1
9,3,1,0,1.1462,2
9,2,0,0,0.84277,1
9,5,0,0,0.97654,1
9,1,0,1,0.73191,2
9,6,1,1,0.79984,1
9,1,1,0,0.70694,2
9,2,1,0,0.72565,2
9,6,0,0,1.2082,1
9,4,1,1,0.87141,1
9,2,0,0,0.98064,2
9,2,1,0,1.4119,2
9,4,0,0,0.9171,1
9,5,0,0,0.66486,1
9,3,1,1,0.79677,2
9,5,1,1,0.53748,1
9,3,0,0,1.378,2
9,1,0,1,0.74932,2
9,6,0,0,0.68395,1
9,6,1,1,1.6437,2
9,1,1,0,0.70172,2
9,6,0,0,1.2055,1
9,1,1,0,0.93076,2
9,4,0,0,1.912,2
9,2,1,0,0.74918,2
9,5,1,1,1.1004,2
9,1,0,1,0.80962,2
9,6,1,1,0.93963,1
9,3,1,1,0.87811,1
9,4,1,1,1.3674,2
9,5,0,0,0.58208,2
9,3,0,1,0.82801,2
9,2,0,1,0.57713,2
9,2,1,0,0.77051,2
9,6,0,0,0.58098,1
9,5,1,1,0.73221,1
9,1,0,1,0.74008,2
9,3,0,1,0.71867,2
9,4,0,0,0.77795,1
9,3,1,0,0.76724,2
9,6,1,1,0.79091,1
9,2,0,1,0.70171,2
9,4,1,0,0.83762,2
9,1,1,0,0.72821,2
9,5,0,0,0.8313,1
9,6,1,1,0.74992,1
9,3,0,1,0.80917,2
9,6,0,0,0.62791,1
9,5,0,0,0.72434,1
9,5,1,1,0.73353,2
9,3,1,0,0.70618,2
9,4,0,0,0.66342,2
9,2,0,1,0.72879,2
9,4,1,0,0.72061,2
9,1,1,0,0.76043,2
9,1,0,1,0.59911,2
9,2,1,0,0.61767,2
9,1,0,1,0.60691,2
9,1,1,0,0.65417,2
9,6,0,0,0.60471,1
9,3,1,0,0.76795,2
9,2,1,0,1.1571,2
9,5,0,0,0.7738,1
9,4,0,0,1.2197,2
9,4,1,1,4.7729,2
9,5,1,1,1.0259,1
9,2,0,1,2.3292,1
9,3,0,0,0.77239,2
9,6,1,1,0.67896,2
9,3,0,0,0.69343,2
9,1,1,0,1.7281,2
9,6,0,0,0.9273,1
10,3,1,0,0.89693,2
10,2,0,1,0.49217,2
10,1,1,0,0.47842,2
10,6,1,1,0.51002,2
10,2,1,0,0.47156,2
10,6,0,0,0.76659,2
10,5,1,0,0.59505,2
10,1,0,1,0.43432,2
10,4,1,0,0.54157,2
10,4,0,1,0.69422,2
10,3,0,1,0.6008,2
10,5,0,1,0.59067,2
10,3,1,0,0.57666,2
10,5,0,1,0.7119,2
10,2,1,0,0.50717,2
10,6,0,1,0.64048,2
10,4,0,1,0.47567,2
10,1,1,0,0.50016,2
10,5,1,1,0.76152,2
10,6,1,0,1.5861,2
10,1,0,1,0.54239,2
10,2,0,1,0.6503,1
10,3,0,1,0.43366,1
10,4,1,0,0.48361,1
10,2,0,1,0.45869,1
10,6,0,1,0.64473,1
10,2,1,0,0.51121,1
10,6,1,0,0.69392,1
10,3,1,0,0.48783,1
10,5,0,1,0.51697,1
10,4,0,1,0.45253,1
10,3,0,1,0.39628,1
10,5,1,0,0.45161,1
10,1,1,0,0.41271,1
10,4,1,0,0.40744,1
10,1,0,1,0.40191,1
10,5,1,0,0.35914,1
10,2,1,0,0.40774,1
10,6,1,1,0.55919,1
10,2,0,1,0.43022,1
10,1,0,1,0.47014,1
10,4,1,0,0.39874,1
10,5,0,1,0.49014,1
10,6,0,1,0.39003,1
10,1,1,0,0.37919,1
10,3,1,0,0.42645,1
10,3,0,1,0.52245,1
10,4,0,1,0.40109,1
10,2,1,0,0.36961,1
10,5,0,1,0.37477,1
10,1,1,0,0.3967,1
10,3,1,0,0.40329,1
10,1,0,1,0.3879,1
10,6,0,0,0.55921,1
10,6,1,1,0.53256,1
10,5,1,0,0.45167,1
10,3,0,1,0.62798,1
10,4,0,1,0.58997,1
10,2,0,1,0.39223,1
10,4,1,0,0.41817,1
10,5,0,0,0.47997,1
10,4,1,0,0.42389,1
10,3,0,1,0.45247,1
10,4,0,1,0.60773,1
10,5,1,0,0.69845,1
10,2,1,0,0.42222,1
10,1,0,1,0.39482,1
10,6,1,1,0.57018,1
10,1,1,0,0.40741,1
10,2,0,1,0.39992,1
10,3,1,0,0.46319,1
10,6,0,0,0.56851,1
10,1,1,0,0.40981,1
10,5,0,1,0.4183,1
10,6,0,0,0.52683,1
10,1,0,1,0.43214,1
10,3,1,0,0.57674,1
10,4,1,0,0.67675,1
10,2,0,1,0.43053,1
10,5,1,0,0.41116,1
10,6,1,1,0.54249,1
10,3,0,1,0.55241,1
10,2,1,0,0.44032,1
10,4,0,1,0.379,1
10,6,1,1,0.52619,1
10,5,0,0,0.64599,1
10,3,1,1,2.2012,1
10,1,1,0,0.50046,1
10,3,0,1,0.39039,1
10,5,1,0,0.68892,2
10,6,0,0,0.669,2
10,1,0,1,0.50742,1
10,4,1,0,0.53468,1
10,2,1,0,0.47191,1
10,4,0,1,0.51519,1
10,2,0,1,0.39061,1
10,4,1,0,0.34245,1
10,3,1,0,0.38363,1
10,6,1,1,0.55956,1
10,6,0,1,0.55265,1
10,1,0,1,0.42806,1
10,5,0,1,0.4015,1
10,5,1,0,0.37939,1
11,3,1,0,0.77339,1
11,2,0,1,0.73519,1
11,1,1,0,1.3952,1
11,6,1,1,0.75167,1
11,2,1,0,0.56766,1
11,6,0,0,0.68017,1
11,5,1,0,0.66071,1
11,1,0,1,0.48186,1
11,4,1,0,0.60313,1
11,4,0,1,0.83698,1
11,3,0,1,1.2922,1
11,5,0,1,0.69225,1
11,3,1,0,0.38478,1
11,5,0,1,0.35391,1
11,2,1,0,0.5192,1
11,6,0,0,0.58115,1
11,4,0,1,0.4811,1
11,1,1,0,0.42951,1
11,5,1,0,0.34679,1
11,6,1,0,0.60535,1
11,1,0,1,0.52331,1
11,2,0,1,0.3986,1
11,3,0,1,0.53709,1
11,4,1,0,0.46643,1
11,2,0,1,0.37173,1
11,6,0,1,0.96282,1
11,2,1,0,0.478,1
11,6,1,1,0.80923,1
11,3,1,0,0.48052,1
11,5,0,1,0.37374,1
11,4,0,1,0.44115,1
11,3,0,1,0.51761,1
11,5,1,0,0.52765,1
11,1,1,0,0.52153,1
11,4,1,0,0.38264,1
11,1,0,1,0.41129,1
11,5,1,0,0.65909,1
11,2,1,0,0.50904,1
11,6,1,1,0.60617,1
11,2,0,1,0.48277,1
11,1,0,1,0.84599,1
11,4,1,0,0.50929,1
11,5,0,1,0.77122,1
11,6,0,0,0.64632,1
11,1,1,0,3.1289,1
11,3,1,0,0.94267,1
11,3,0,1,0.66524,1
11,4,0,1,NaN,1
11,2,1,0,0.72563,1
11,5,0,0,0.75566,1
11,1,1,0,0.52887,1
11,3,1,0,0.48813,1
11,1,0,1,0.52673,1
11,6,0,0,0.64615,1
11,6,1,1,0.65714,1
11,5,1,1,0.73514,1
11,3,0,1,0.4449,1
11,4,0,1,0.78745,1
11,2,0,1,0.51202,1
11,4,1,0,0.506,1
11,5,0,1,0.48582,1
11,4,1,0,0.51039,1
11,3,0,1,0.49842,1
11,4,0,1,0.46553,1
11,5,1,1,0.79213,1
11,2,1,0,0.73815,1
11,1,0,1,0.58808,1
11,6,1,1,0.79661,1
11,1,1,0,0.49919,1
11,2,0,1,0.48439,1
11,3,1,0,0.45573,1
11,6,0,1,0.45348,1
11,1,1,0,0.52287,1
11,5,0,1,0.41667,1
11,6,0,1,0.51659,1
11,1,0,1,0.54452,1
11,3,1,0,0.42833,1
11,4,1,0,0.49555,1
12,3,1,1,2.1938,1
12,2,0,1,0.56637,1
12,1,1,0,1.2588,1
12,6,1,1,1.4961,1
12,2,1,0,1.3893,1
12,6,0,0,3.6371,1
12,5,1,1,NaN,1
12,1,0,1,0.93422,1
12,4,1,1,0.71017,1
12,4,0,1,0.92606,1
12,3,0,1,0.70128,1
12,5,0,1,1.5738,1
12,3,1,0,0.74957,1
12,5,0,1,0.5808,1
12,2,1,0,0.71328,1
12,6,0,0,0.47462,1
12,4,0,0,0.71863,1
12,1,1,0,0.73182,1
12,5,1,1,0.98427,1
12,6,1,1,0.96697,1
12,1,0,1,0.69152,1
12,2,0,1,0.59475,1
12,3,0,1,0.48469,1
12,4,1,0,0.6204,1
12,2,0,1,0.70161,1
12,6,0,0,0.73098,1
12,2,1,1,2.7375,1
12,6,1,1,0.98598,1
12,3,1,0,0.55047,1
12,5,0,0,1.1083,1
12,4,0,1,0.73159,1
12,3,0,1,0.57285,1
12,5,1,1,1.0111,1
12,1,1,0,0.65131,1
12,4,1,0,0.62598,1
12,1,0,1,0.50111,1
12,5,1,1,0.73443,1
12,2,1,0,0.57297,1
12,6,1,1,0.61093,1
12,2,0,1,0.58084,1
12,1,0,1,0.77992,1
12,4,1,1,0.69663,1
12,5,0,0,0.61254,1
12,6,0,0,0.5338,1
12,1,1,0,0.4942,1
12,3,1,1,1.0902,1
12,3,0,1,0.44934,1
12,4,0,1,0.59863,1
12,2,1,0,0.52261,1
12,5,0,0,1.2145,1
12,1,1,0,0.56893,1
12,3,1,1,0.76346,1
12,1,0,1,0.75621,1
12,6,0,0,0.63268,1
12,6,1,1,0.86265,1
12,5,1,1,0.52916,1
12,3,0,1,0.44507,1
12,4,0,1,0.55575,1
12,2,0,1,0.62571,1
12,4,1,0,0.53747,1
12,5,0,0,0.55659,1
12,4,1,1,0.56793,1
12,3,0,1,0.57637,1
12,4,0,1,0.78643,1
12,5,1,1,0.65839,1
12,2,1,0,0.79902,1
12,1,0,1,0.50617,1
12,6,1,1,0.73792,1
12,1,1,0,0.5176,1
12,2,0,1,0.54862,1
12,3,1,1,1.055,1
12,6,0,0,0.53582,1
12,1,1,0,0.51416,1
12,5,0,0,0.66088,1
12,6,0,0,0.48745,1
12,1,0,1,0.7533,1
12,3,1,0,0.95111,1
12,4,1,0,0.61988,1
13,3,1,0,1.2022,1
13,2,0,1,0.34974,1
13,1,1,0,0.92367,1
13,6,1,0,0.56416,1
13,2,1,1,0.53739,1
13,6,0,0,0.73068,1
13,5,1,1,1.1551,1
13,1,0,1,0.32898,1
13,4,1,0,0.95563,1
13,4,0,1,0.95691,1
13,3,0,1,0.64617,1
13,5,0,1,0.26209,1
13,3,1,1,0.22128,1
13,5,0,0,0.20594,1
13,2,1,1,0.24576,1
13,6,0,0,0.24302,1
13,4,0,0,0.59506,1
13,1,1,1,0.33683,1
13,5,1,1,0.2761,1
13,6,1,1,0.36683,1
13,1,0,0,0.39455,1
13,2,0,0,0.34993,1
13,3,0,0,0.30921,1
13,4,1,1,1.1544,1
13,2,0,0,0.31818,1
13,6,0,0,0.33682,1
13,2,1,0,0.25141,1
13,6,1,0,0.28067,1
13,3,1,0,0.31062,1
13,5,0,1,0.35182,1
13,4,0,1,0.34045,1
13,3,0,1,0.31316,1
13,5,1,0,0.49364,1
13,1,1,1,0.39619,1
13,4,1,1,0.43684,1
13,1,0,1,0.3695,1
13,5,1,0,0.34477,1
13,2,1,0,0.32053,1
13,6,1,0,0.27793,1
13,2,0,1,2.105,1
13,1,0,1,0.33698,1
13,4,1,0,0.27545,1
13,5,0,1,0.28152,1
13,6,0,1,0.29804,1
13,1,1,0,0.28324,1
13,3,1,0,0.31115,1
13,3,0,1,NaN,1
13,4,0,1,0.37899,1
13,2,1,0,0.3576,1
13,5,0,1,0.34494,1
13,1,1,0,0.32275,1
13,3,1,0,0.31002,1
13,1,0,1,0.27608,1
13,6,0,1,0.43191,1
13,6,1,0,0.46716,1
13,5,1,0,0.9132,1
13,3,0,1,0.41111,1
13,4,0,1,1.5042,1
13,2,0,1,0.32492,1
13,4,1,0,0.25735,1
13,5,0,1,0.30129,1
13,4,1,0,0.36789,1
13,3,0,1,0.3011,1
13,4,0,1,0.31114,1
13,5,1,0,0.41903,1
13,2,1,0,0.307,1
13,1,0,1,0.30027,1
13,6,1,0,0.56674,1
13,1,1,0,0.33596,1
13,2,0,1,0.46387,1
13,3,1,0,0.26528,1
13,6,0,1,0.56518,1
13,1,1,0,0.59691,1
13,5,0,1,0.30028,1
13,6,0,1,0.20141,1
13,1,0,0,0.21281,1
13,3,1,1,0.18306,1
13,4,1,1,0.34315,1
14,3,1,0,0.76953,1
14,2,0,0,0.6338,1
14,1,1,1,0.70238,1
14,6,1,0,0.73362,1
14,2,1,1,0.70183,1
14,6,0,1,0.51245,1
14,5,1,0,0.59171,1
14,1,0,1,0.64615,1
14,4,1,1,0.54731,1
14,4,0,0,1.2899,1
14,3,0,1,0.63333,1
14,5,0,1,0.58454,1
14,3,1,0,0.59466,1
14,5,0,0,0.55359,1
14,2,1,0,0.67613,1
14,6,0,1,0.54205,1
14,4,0,0,0.47943,1
14,1,1,1,0.6092,1
14,5,1,0,0.54242,1
14,6,1,0,0.66378,1
14,1,0,0,0.73022,1
14,2,0,0,0.9448,1
14,3,0,0,0.71065,1
14,4,1,0,0.72627,1
14,2,0,1,0.64684,1
14,6,0,0,0.54635,1
14,2,1,1,0.65173,1
14,6,1,0,0.5679,1
14,3,1,0,0.63881,1
14,5,0,0,0.57503,1
14,4,0,1,0.75929,1
14,3,0,0,0.58422,1
14,5,1,0,0.89237,1
14,1,1,1,0.71298,1
14,4,1,1,0.66546,1
14,1,0,1,0.67846,1
14,5,1,1,0.587,1
14,2,1,1,0.78883,1
14,6,1,0,0.61445,1
14,2,0,0,0.63647,1
14,1,0,0,0.65219,1
14,4,1,0,0.48679,1
14,5,0,0,0.59468,1
14,6,0,0,0.62556,1
14,1,1,0,0.49513,1
14,3,1,1,0.54786,1
14,3,0,1,0.63897,1
14,4,0,1,0.72887,1
14,2,1,1,0.56813,1
14,5,0,0,0.5846,1
14,1,1,1,0.65068,1
14,3,1,0,0.63814,1
14,1,0,1,0.92487,1
14,6,0,1,0.78566,1
14,6,1,0,0.67693,1
14,5,1,1,0.53107,1
14,3,0,1,0.58875,1
14,4,0,0,0.54071,1
14,2,0,0,0.63193,1
14,4,1,1,0.54709,1
14,5,0,0,0.58434,1
14,4,1,1,0.53358,1
14,3,0,1,0.71281,1
14,4,0,1,0.62405,1
14,5,1,1,0.50993,1
14,2,1,1,0.53804,1
14,1,0,1,0.97661,1
14,6,1,0,0.69715,1
14,1,1,1,0.74426,1
14,2,0,1,0.67522,1
14,3,1,1,0.75139,1
14,6,0,0,0.65731,1
14,1,1,1,0.87059,1
14,5,0,1,0.55243,1
14,6,0,1,0.69388,1
14,1,0,1,0.96779,1
14,3,1,1,0.79948,1
14,4,1,1,0.49747,1
15,3,1,0,1.1686,2
15,2,0,1,2.1771,2
15,1,1,0,1.1929,1
15,6,1,0,1.2463,2
15,2,1,1,1.5414,1
15,6,0,0,0.84459,1
15,5,1,0,1.0718,2
15,1,0,1,1.2156,2
15,4,1,1,1.0322,1
15,4,0,0,0.98607,1
15,3,0,0,1.2335,1
15,5,0,1,1.4718,1
15,3,1,0,1.6537,1
15,5,0,0,1.1244,1
15,2,1,1,1.4556,1
15,6,0,0,1.166,1
15,4,0,0,2.17,1
15,1,1,0,1.1851,1
15,5,1,0,1.7109,1
15,6,1,0,0.98813,1
15,1,0,0,1.0661,1
15,2,0,0,0.75925,1
15,3,0,0,0.75521,1
15,4,1,0,1.133,1
15,2,0,0,0.90561,1
15,6,0,0,1.0182,1
15,2,1,1,0.82604,1
15,6,1,0,0.90929,1
15,3,1,0,0.80646,1
15,5,0,1,1.0984,1
15,4,0,0,0.62832,1
15,3,0,0,0.71961,1
15,5,1,1,0.81551,1
15,1,1,0,0.6773,1
15,4,1,0,0.64187,1
15,1,0,0,1.2773,1
15,5,1,1,0.83231,1
15,2,1,1,0.78429,1
15,6,1,0,0.56284,1
15,2,0,1,0.66152,1
15,1,0,0,0.7053,1
15,4,1,1,0.71048,1
15,5,0,0,0.77511,1
15,6,0,1,0.56096,1
15,1,1,0,0.6315,1
15,3,1,1,0.87811,1
15,3,0,0,0.94663,1
15,4,0,0,0.56997,1
15,2,1,0,0.42723,1
15,5,0,1,0.61707,1
15,1,1,1,0.81498,1
15,3,1,0,0.67489,1
15,1,0,1,0.67549,1
15,6,0,0,0.71067,1
15,6,1,1,0.76725,1
15,5,1,1,0.90596,1
15,3,0,0,1.2524,1
15,4,0,1,0.51163,1
15,2,0,1,0.97363,1
15,4,1,0,0.86943,1
15,5,0,0,0.47747,1
15,4,1,1,0.54853,1
15,3,0,0,0.7065,1
15,4,0,1,0.5877,1
15,5,1,0,0.70902,1
15,2,1,1,0.64149,1
15,1,0,1,1.0067,1
15,6,1,1,0.78992,1
15,1,1,1,0.93118,1
15,2,0,0,0.7459,1
15,3,1,0,0.63307,1
15,6,0,1,0.62227,1
15,1,1,0,NaN,1
15,5,0,1,0.73741,1
15,6,0,1,0.74008,1
15,1,0,0,0.97791,1
15,3,1,0,0.83324,1
15,4,1,0,0.69435,1
15,2,0,0,0.54572,1
15,5,1,1,0.46153,1
15,6,1,1,0.74483,1
15,3,0,1,0.45336,1
15,2,1,0,0.45724,1
16,6,1,1,0.96071,1
16,6,0,1,0.92257,1
16,2,1,1,0.48581,1
16,4,0,0,0.785,1
16,3,1,0,1.0336,1
16,1,0,1,1.4034,1
16,1,1,0,0.68666,1
16,5,0,0,0.63735,1
16,2,0,1,0.75986,1
16,5,1,1,0.94786,1
16,4,1,1,0.8343,1
16,3,0,1,0.60949,1
16,4,1,0,1.0316,1
16,6,0,0,0.74064,1
16,2,1,0,0.46251,1
16,3,0,0,0.69855,1
16,1,0,1,0.63182,1
16,4,0,1,0.78302,1
16,1,1,1,0.87364,1
16,5,1,1,0.50819,1
16,5,0,0,0.54348,1
16,3,1,0,0.57792,1
16,6,1,1,0.63391,1
16,2,0,1,0.62573,1
16,1,1,0,0.5664,1
16,2,1,0,0.56091,1
16,1,0,1,0.47219,1
16,4,1,1,0.55212,1
16,4,0,0,0.54535,1
16,6,0,0,0.63457,1
16,3,0,1,0.65782,1
16,5,1,1,0.66717,1
16,5,0,0,0.56444,1
16,2,0,1,0.45891,1
16,6,1,1,0.4621,1
16,3,1,0,0.56535,1
16,3,0,0,0.52541,1
16,4,1,0,0.71853,1
16,3,1,0,0.59642,1
16,5,1,1,0.4831,1
16,1,0,1,0.53624,1
16,6,1,1,0.6369,1
16,6,0,1,0.72612,1
16,5,0,0,0.90471,1
16,1,1,1,0.65918,1
16,2,1,0,0.6572,1
16,2,0,1,0.61044,1
16,4,0,0,0.61801,1
16,2,1,0,0.51349,1
16,4,1,1,0.83805,1
16,5,0,0,0.55994,1
16,1,1,0,0.52793,1
16,3,0,1,0.94845,1
16,6,1,1,0.39246,1
16,1,0,1,0.48969,1
16,6,0,0,0.5323,1
16,3,1,0,0.48543,1
16,5,1,1,0.54334,1
16,4,0,1,0.56002,1
16,2,0,1,0.51048,1
16,2,1,1,0.71243,1
16,2,0,1,0.53578,1
16,5,1,1,0.56641,1
16,1,0,1,0.47762,1
16,6,0,0,0.54824,1
16,1,1,0,0.51869,1
16,3,0,1,0.89586,1
16,3,1,0,0.61583,1
16,5,0,0,0.60636,1
16,6,1,1,0.56892,1
16,4,1,0,0.74884,1
16,4,0,0,0.816,1
16,6,1,0,0.54795,1
16,2,1,0,0.6259,1
16,1,0,1,0.59127,1
16,3,0,0,0.63639,1
16,4,1,0,0.61642,1
17,3,1,0,1.3093,1
17,2,0,0,NaN,2
17,1,1,1,1.8653,1
17,6,1,1,1.9557,1
17,2,1,0,1.3342,1
17,6,0,0,0.98628,1
17,5,1,0,1.3009,1
17,1,0,1,1.5512,1
17,4,1,0,1.1885,1
17,4,0,0,1.1391,1
17,3,0,0,0.60682,1
17,5,0,1,0.59559,1
17,3,1,0,0.57606,1
17,5,0,1,0.51477,1
17,2,1,0,0.52455,1
17,6,0,1,0.50176,1
17,4,0,1,1.1756,1
17,1,1,0,1.7888,1
17,5,1,1,2.6088,1
17,6,1,0,0.98867,1
17,1,0,0,0.63769,1
17,2,0,1,1.0591,1
17,3,0,1,0.52945,1
17,4,1,0,0.79739,1
17,2,0,1,1.7867,1
17,6,0,0,1.6878,1
17,2,1,0,1.435,1
17,6,1,1,1.0685,1
17,3,1,0,0.67871,1
17,5,0,1,1.0327,1
17,4,0,1,0.74992,1
17,3,0,1,0.57881,1
17,5,1,1,0.66444,1
17,1,1,0,0.58041,1
17,4,1,0,0.5689,1
17,1,0,1,0.54285,1
17,5,1,0,0.57674,1
17,2,1,0,1.658,1
17,6,1,1,0.57451,1
17,2,0,1,0.71909,1
17,1,0,1,1.6571,1
17,4,1,0,0.57487,1
17,5,0,0,0.80815,1
17,6,0,0,0.62673,1
17,1,1,0,0.53945,1
17,3,1,0,0.66775,1
17,3,0,1,0.70467,1
17,4,0,1,0.64028,1
17,2,1,0,0.5443,1
17,5,0,0,0.59752,1
17,1,1,0,0.5907,1
17,3,1,0,0.58595,1
17,1,0,1,1.4445,1
17,6,0,0,0.63304,1
17,6,1,1,0.74056,1
17,5,1,1,0.63153,1
17,3,0,0,0.83423,1
17,4,0,0,0.76668,1
17,2,0,1,0.91391,1
17,4,1,1,1.3392,1
17,5,0,0,0.67769,1
17,4,1,1,0.53563,1
17,3,0,0,0.46897,1
17,4,0,0,0.54296,1
17,5,1,1,1.3282,1
17,2,1,1,0.60872,1
17,1,0,1,0.58733,1
17,6,1,1,1.9174,1
17,1,1,0,0.65574,1
17,2,0,1,0.60752,1
17,3,1,0,0.53212,1
17,6,0,0,0.63818,1
17,1,1,0,0.57659,1
17,5,0,0,0.97991,1
17,6,0,0,1.219,1
17,1,0,1,0.6257,1
17,3,1,0,0.73791,1
17,4,1,0,0.57542,1
18,3,1,1,1.8096,1
18,2,0,0,1.0267,1
18,1,1,0,1.2772,1
18,6,1,1,0.86438,1
18,2,1,0,0.94494,1
18,6,0,0,1.005,1
18,5,1,0,1.0701,1
18,1,0,0,1.7273,1
18,4,1,0,1.3692,1
18,4,0,0,4.233,1
18,3,0,0,3.0827,1
18,5,0,1,2.314,1
18,3,1,0,1.4452,1
18,5,0,0,0.81171,1
18,2,1,0,1.1435,1
18,6,0,0,0.81217,1
18,4,0,1,1.1756,1
18,1,1,0,1.4812,1
18,5,1,1,2.0031,1
18,6,1,1,1.157,1
18,1,0,1,0.72413,1
18,2,0,1,0.66218,1
18,3,0,1,0.57069,1
18,4,1,1,0.9345,1
18,2,0,1,0.70607,1
18,6,0,0,1.7723,1
18,2,1,0,0.57484,1
18,6,1,1,0.87554,1
18,3,1,0,0.5687,1
18,5,0,0,0.89526,1
18,4,0,0,2.8584,1
18,3,0,1,0.66183,1
18,5,1,0,0.9296,1
18,1,1,0,0.54813,1
18,4,1,0,0.50216,1
18,1,0,1,0.528,1
18,5,1,0,0.7706,1
18,2,1,0,0.56465,1
18,6,1,1,1.0004,1
18,2,0,1,0.94566,1
18,1,0,1,0.56426,1
18,4,1,0,0.62338,1
18,5,0,1,0.7355,1
18,6,0,0,1.3172,1
18,1,1,0,0.83276,1
18,3,1,0,0.65038,1
18,3,0,1,0.59365,1
18,4,0,1,0.56032,1
18,2,1,0,0.49343,1
18,5,0,1,0.48419,1
18,1,1,0,0.49797,1
18,3,1,0,0.48,1
18,1,0,1,0.5132,1
18,6,0,0,0.78716,1
18,6,1,1,0.76902,1
18,5,1,1,0.84567,1
18,3,0,1,0.68223,1
18,4,0,1,0.60699,1
18,2,0,1,0.48142,1
18,4,1,0,1.3899,1
18,5,0,0,0.88042,1
18,4,1,1,0.81313,1
18,3,0,0,0.73627,1
18,4,0,0,1.0642,1
18,5,1,1,1.42,1
18,2,1,0,0.60673,1
18,1,0,1,0.62952,1
18,6,1,1,0.95667,1
18,1,1,0,0.66903,1
18,2,0,1,0.52691,1
18,3,1,0,0.56624,1
18,6,0,1,0.61403,1
18,1,1,0,0.57743,1
18,5,0,1,0.5094,1
18,6,0,0,0.96051,1
18,1,0,1,0.74174,1
18,3,1,0,1.9044,1
18,4,1,0,1.1308,1
19,3,1,1,1.9989,2
19,2,0,1,1.9328,1
19,1,1,1,2.0598,1
19,6,1,1,5.8993,1
19,2,1,0,2.5759,1
19,6,0,0,2.9355,1
19,5,1,1,2.4749,1
19,1,0,1,2.6463,2
19,4,1,1,1.3569,2
19,4,0,1,1.5806,2
19,3,0,1,1.919,1
19,5,0,1,2.5049,1
19,3,1,1,1.5791,2
19,5,0,0,2.0663,1
19,2,1,0,1.4769,2
19,6,0,1,1.4974,2
19,4,0,0,1.2504,2
19,1,1,1,1.3784,2
19,5,1,1,1.7635,2
19,6,1,1,1.3411,2
19,1,0,1,1.5329,1
19,2,0,0,1.9634,2
19,3,0,0,1.7478,2
19,4,1,1,1.447,2
19,2,0,0,4.2937,2
19,6,0,1,2.0953,2
19,2,1,1,1.4032,2
19,6,1,1,2.5655,2
19,3,1,0,2.4806,1
19,5,0,0,1.4072,2
19,4,0,0,1.629,2
19,3,0,0,1.951,2
19,5,1,1,2.2135,2
19,1,1,0,1.8732,1
19,4,1,1,1.0377,2
19,1,0,0,2.2448,2
19,5,1,1,1.7027,2
19,2,1,1,3.4705,2
19,6,1,1,1.9676,2
19,2,0,0,3.5067,2
19,1,0,0,2.6024,1
19,4,1,1,2.2229,1
19,5,0,0,2.3174,2
19,6,0,0,2.4872,2
19,1,1,0,2.9104,2
19,3,1,1,1.4886,2
19,3,0,0,1.277,2
19,4,0,0,3.7529,2
19,2,1,1,2.7533,2
19,5,0,0,3.629,1
19,1,1,0,1.9214,1
19,3,1,1,2.0747,2
19,1,0,0,1.8465,2
19,6,0,1,3.1862,1
19,6,1,0,3.59,1
19,5,1,1,1.3991,2
19,3,0,0,3.5276,2
19,4,0,0,2.5733,2
19,2,0,0,2.3466,2
19,4,1,1,2.7277,2
19,5,0,1,1.3649,1
19,4,1,0,2.2013,1
19,3,0,0,1.4739,2
19,4,0,0,1.6189,2
19,5,1,1,1.4889,2
19,2,1,0,3.5074,1
19,1,0,0,1.4198,2
19,6,1,1,1.1103,2
19,1,1,0,2.2608,2
19,2,0,0,1.8652,2
19,3,1,1,2.2532,2
19,6,0,0,2.459,2
19,1,1,1,1.5107,2
19,5,0,1,4.5705,1
19,6,0,1,1.6383,1
19,1,0,0,3.3861,1
19,3,1,1,1.7519,1
19,4,1,1,1.6223,1
19,2,0,0,1.5435,2
19,5,1,1,1.8,2
19,6,1,1,2.2372,2
19,3,0,0,2.1317,2
19,2,1,1,1.8808,2
19,4,0,0,1.4508,2
19,6,1,1,1.4672,2
19,5,0,0,1.7097,2
19,3,1,1,1.5815,2
19,1,1,1,1.8907,2
19,3,0,0,2.9319,2
19,5,1,1,3.3236,1
19,6,0,0,1.9734,1
19,1,0,0,1.4307,2
19,4,1,1,1.3947,2
19,2,1,0,3.6942,1
19,4,0,0,2.0826,2
19,2,0,1,2.596,1
19,4,1,0,2.2349,1
19,3,1,1,3.0534,2
19,6,1,0,4.2566,1
19,6,0,1,1.4696,1
19,1,0,1,1.1948,1
19,5,0,1,1.6125,1
19,5,1,1,1.7658,2
19,3,0,0,1.681,2
19,2,1,1,1.3309,2
19,1,1,1,2.6613,2
19,4,0,0,1.3437,2
19,2,0,1,2.0044,1
19,5,1,1,1.9208,1
19,4,0,0,1.2026,2
19,3,0,0,1.7366,2
19,2,1,1,1.5257,1
19,1,0,1,1.7541,1
19,6,1,0,1.4606,1
19,2,0,1,1.2885,2
19,1,1,0,1.0525,2
19,3,1,0,1.1555,2
19,4,1,0,0.91542,2
19,5,0,1,1.4321,1
19,6,0,1,0.91383,1
19,5,1,1,2.6509,1
19,3,1,1,3.9258,1
19,1,0,0,2.387,1
19,4,1,1,1.6348,2
19,1,1,1,3.2067,2
19,3,0,0,1.543,2
19,6,1,1,1.4171,1
19,6,0,0,1.3989,1
19,2,1,0,1.7272,1
19,5,0,1,1.4261,1
19,4,0,1,1.0892,1
19,2,0,1,1.5175,1
19,3,1,0,1.2361,1
19,6,1,1,1.7407,1
19,4,0,0,1.2511,2
19,1,1,1,1.0049,2
19,6,0,0,3.0134,1
19,2,1,1,1.0905,2
19,2,0,0,0.69103,2
19,4,1,1,0.94434,2
19,1,0,0,2.027,1
19,5,0,0,0.648,1
19,5,1,1,0.71345,1
19,3,0,1,3.8171,1
19,5,1,0,0.95553,1
19,1,1,1,1.0941,2
19,1,0,0,1.1206,2
19,5,0,0,1.8745,2
19,2,1,0,2.0876,1
19,3,0,1,1.5978,1
19,6,1,0,1.618,1
19,3,1,0,1.8755,1
19,4,1,1,0.86696,2
19,4,0,0,0.96698,2
19,6,0,0,0.83407,2
19,2,0,0,0.83997,2
19,6,1,1,1.0705,2
19,3,0,1,0.95219,1
19,3,1,0,1.4443,1
19,1,1,1,0.79166,1
19,1,0,0,1.0607,2
19,6,0,0,0.85725,2
19,5,0,0,1.032,2
19,5,1,1,0.8598,2
19,4,1,1,0.93091,2
19,4,0,0,0.88424,2
19,2,1,1,1.0253,2
19,2,0,0,1.186,2
19,4,1,0,0.93646,1
19,3,1,0,1.7696,1
19,5,1,1,0.87818,1
19,3,0,0,1.5121,2
19,6,1,1,0.91682,2
19,1,1,1,1.2418,2
19,2,0,0,0.60901,2
19,6,0,0,1.163,2
19,1,0,0,1.7761,2
19,2,1,1,1.9906,2
19,4,0,1,2.1378,1
19,5,0,1,1.8149,1
19,3,1,0,1.4196,2
19,5,1,1,2.6046,1
19,5,0,1,1.0371,2
19,2,0,1,0.99432,2
19,4,0,1,0.84014,2
19,4,1,0,1.4282,2
19,6,1,0,0.74465,2
19,6,0,1,1.0477,2
19,2,1,0,0.78759,2
19,1,1,0,0.82014,2
19,1,0,1,0.82139,2
19,3,0,1,1.1835,2
19,4,1,1,1.0186,1
19,5,0,0,2.3563,1
19,5,1,1,1.3216,1
19,3,1,1,1.6933,2
19,2,1,1,1.4044,2
19,1,0,1,2.1264,1
19,6,0,1,1.8861,1
20,3,1,0,NaN,1
20,2,0,1,0.61653,1
20,1,1,1,0.3866,1
20,6,1,0,0.56507,1
20,2,1,1,0.36099,1
20,6,0,1,1.3503,2
20,5,1,0,0.65678,1
20,1,0,1,0.84396,1
20,4,1,1,0.67329,1
20,4,0,1,0.95184,1
20,3,0,1,0.901,1
20,5,0,0,0.77086,1
20,3,1,0,0.91081,1
20,5,0,1,0.69268,1
20,2,1,0,1.2653,1
20,6,0,0,0.65583,1
20,4,0,0,0.46651,1
20,1,1,0,0.5737,1
20,5,1,0,0.83623,1
20,6,1,1,0.8383,1
20,1,0,1,0.77799,1
20,2,0,0,1.1179,1
20,3,0,1,1.2372,2
20,4,1,1,0.5809,1
20,2,0,0,0.73415,1
20,6,0,1,0.78199,1
20,2,1,1,0.60134,1
20,6,1,0,0.58801,1
20,3,1,0,0.48447,1
20,5,0,0,0.44742,1
20,4,0,1,0.30303,1
20,3,0,0,0.18306,1
20,5,1,0,0.30234,1
20,1,1,0,0.52953,1
20,4,1,0,1.1848,2
20,1,0,1,0.44262,2
20,5,1,0,0.50929,2
20,2,1,1,0.44054,2
20,6,1,0,NaN,2
20,2,0,0,0.51526,1
20,1,0,1,0.60397,1
20,4,1,0,0.37856,1
20,5,0,0,0.63635,1
20,6,0,0,0.57363,1
20,1,1,1,0.52374,1
20,3,1,1,0.5101,1
20,3,0,0,0.38602,1
20,4,0,0,0.45792,1
20,2,1,0,0.75384,1
20,5,0,0,NaN,1
20,1,1,0,0.38032,1
20,3,1,0,0.5175,1
20,1,0,1,0.3551,1
20,6,0,1,0.37996,1
20,6,1,1,0.41796,1
20,5,1,0,0.68864,1
20,3,0,1,1.1071,1
20,4,0,1,0.61915,1
20,2,0,0,0.8076,1
20,4,1,0,0.56949,1
20,5,0,0,0.49818,1
20,4,1,0,0.45997,1
20,3,0,0,0.20461,1
20,4,0,0,0.23583,1
20,5,1,1,0.27646,1
20,2,1,1,0.31121,1
20,1,0,1,0.32561,1
20,6,1,0,0.34027,2
20,1,1,1,0.28746,2
20,2,0,0,0.24078,2
20,3,1,0,0.39671,1
20,6,0,1,0.18306,1
20,1,1,0,NaN,1
20,5,0,1,0.18306,1
20,6,0,1,0.3179,2
20,1,0,1,0.21505,1
20,3,1,1,0.63636,1
20,4,1,0,0.49521,2
20,2,0,1,0.32023,1
20,5,1,1,0.41417,2
20,6,1,1,0.22464,1
20,3,0,1,0.67863,1
20,2,1,0,2.7731,1
20,4,0,0,0.26949,1
20,6,1,1,0.31819,1
20,5,0,1,1.5541,1
20,3,1,1,0.25664,1
20,1,1,0,0.2464,1
20,3,0,0,0.24048,1
20,5,1,1,0.23501,1
20,6,0,0,0.1876,1
20,1,0,0,0.24017,1
20,4,1,1,0.23623,1
21,3,1,1,0.85275,1
21,2,0,0,0.60903,1
21,1,1,1,0.47924,1
21,6,1,1,0.48598,1
21,2,1,1,1.4338,1
21,6,0,0,0.99225,1
21,5,1,1,1.0074,1
21,1,0,1,1.0968,1
21,4,1,1,0.82075,1
21,4,0,0,0.76185,1
21,3,0,1,0.68073,1
21,5,0,0,0.56302,1
21,3,1,0,0.60243,1
21,5,0,0,0.55216,1
21,2,1,0,0.66076,1
21,6,0,0,0.55347,1
21,4,0,0,0.59737,1
21,1,1,0,0.59527,1
21,5,1,1,0.5684,1
21,6,1,1,0.61628,1
21,1,0,1,0.60549,1
21,2,0,1,0.58351,1
21,3,0,1,0.50867,1
21,4,1,0,0.71531,1
21,2,0,1,0.55931,1
21,6,0,0,0.52057,1
21,2,1,0,0.53371,1
21,6,1,1,0.51972,1
21,3,1,0,0.50634,1
21,5,0,0,0.61691,1
21,4,0,0,0.67268,1
21,3,0,1,0.53994,1
21,5,1,1,0.52653,1
21,1,1,0,0.51654,1
21,4,1,0,0.53778,1
21,1,0,1,0.5169,1
21,5,1,1,0.53629,1
21,2,1,0,0.4981,1
21,6,1,1,0.5089,1
21,2,0,1,0.48328,1
21,1,0,1,0.50998,1
21,4,1,0,0.50579,1
21,5,0,0,0.52468,1
21,6,0,0,0.62359,1
21,1,1,0,0.62635,1
21,3,1,0,0.61011,1
21,3,0,1,0.53949,1
21,4,0,1,0.5001,1
21,2,1,0,0.46733,1
21,5,0,0,0.62656,1
21,1,1,0,0.56803,1
21,3,1,0,0.61102,1
21,1,0,1,0.49763,1
21,6,0,0,0.45943,1
21,6,1,1,0.468,1
21,5,1,1,0.47601,1
21,3,0,1,0.61918,1
21,4,0,1,0.46785,1
21,2,0,1,0.48113,1
21,4,1,0,0.49834,1
21,5,0,1,0.43814,1
21,4,1,0,0.53174,1
21,3,0,1,0.54349,1
21,4,0,0,0.61659,1
21,5,1,1,0.74661,1
21,2,1,0,0.50907,1
21,1,0,1,0.47364,1
21,6,1,1,0.57897,1
21,1,1,0,0.47812,1
21,2,0,1,0.49281,1
21,3,1,0,0.5155,1
21,6,0,0,0.48251,1
21,1,1,0,0.55318,1
21,5,0,0,0.58044,1
21,6,0,0,0.53037,1
21,1,0,1,0.54704,1
21,3,1,0,0.68696,1
21,4,1,1,0.58941,1
22,3,1,1,NaN,1
22,2,0,1,0.44632,1
22,1,1,1,0.41067,1
22,6,1,1,0.42187,1
22,2,1,0,0.37913,1
22,6,0,0,0.39304,1
22,5,1,1,0.40829,1
22,1,0,0,0.34569,1
22,4,1,1,0.21954,1
22,4,0,0,0.20404,1
22,3,0,0,0.20344,1
22,5,0,1,0.25528,1
22,3,1,1,0.29004,1
22,5,0,1,0.39777,1
22,2,1,1,0.47322,1
22,6,0,0,0.31909,1
22,4,0,1,0.47232,1
22,1,1,1,0.52469,1
22,5,1,0,0.4888,1
22,6,1,1,0.43861,1
22,1,0,0,0.54984,1
22,2,0,0,0.44305,1
22,3,0,0,0.43896,1
22,4,1,0,0.50288,1
22,2,0,1,0.50879,1
22,6,0,0,0.50953,1
22,2,1,1,0.46678,1
22,6,1,1,0.50337,1
22,3,1,1,0.49779,1
22,5,0,1,0.60382,1
22,4,0,0,0.48908,1
22,3,0,0,0.47437,1
22,5,1,0,0.55828,1
22,1,1,0,0.5764,1
22,4,1,0,0.58919,1
22,1,0,1,0.52911,1
22,5,1,0,0.51834,1
22,2,1,1,0.52759,1
22,6,1,0,0.46225,1
22,2,0,0,0.51283,1
22,1,0,0,0.49597,1
22,4,1,1,0.48321,1
22,5,0,0,0.3164,1
22,6,0,0,0.34101,1
22,1,1,0,0.48893,1
22,3,1,1,0.4775,1
22,3,0,1,0.49744,1
22,4,0,0,0.35396,1
22,2,1,1,0.47475,1
22,5,0,0,0.40051,1
22,1,1,1,0.5077,1
22,3,1,1,0.49898,1
22,1,0,1,0.44492,1
22,6,0,1,0.46272,1
22,6,1,0,0.36355,1
22,5,1,0,0.4214,1
22,3,0,1,0.47808,1
22,4,0,0,0.48319,1
22,2,0,0,0.44854,1
22,4,1,1,0.42977,1
22,5,0,1,0.49287,1
22,4,1,1,0.32146,1
22,3,0,0,0.32349,1
22,4,0,0,0.39943,1
22,5,1,1,0.40518,1
22,2,1,0,0.33123,1
22,1,0,0,0.35252,1
22,6,1,1,0.40029,1
22,1,1,0,0.41156,1
22,2,0,0,0.3661,1
22,3,1,1,0.41545,1
22,6,0,0,0.38859,1
22,1,1,1,0.4312,1
22,5,0,0,0.44258,1
22,6,0,0,0.36448,1
22,1,0,1,0.45424,1
22,3,1,0,0.40822,1
22,4,1,0,0.36361,1
2,6,1,0,1.1636,2
2,1,0,1,0.48331,2
2,5,0,0,1.0639,2
2,5,1,0,1.7957,2
2,2,0,1,0.61491,2
2,4,0,1,1.3209,2
2,4,1,1,NaN,2
2,2,1,0,0.66874,2
2,3,1,0,1.2259,2
2,6,0,0,0.55388,2
2,3,0,0,0.50649,2
2,1,1,0,0.50029,2
2,5,0,0,0.47555,2
2,4,0,0,0.59016,2
2,2,0,1,0.51541,2
2,3,1,0,0.42813,2
2,6,0,0,0.44526,2
2,1,1,0,0.48989,2
2,5,1,1,0.7298,1
2,1,0,1,0.76639,3
2,4,1,1,0.47625,2
2,2,1,0,0.4396,1
2,3,0,1,0.66888,2
2,6,1,0,0.44749,1
2,3,0,0,0.81406,1
2,4,0,0,0.49589,1
2,4,1,1,0.52865,2
2,2,1,0,0.59304,2
2,1,1,0,0.51957,2
2,5,0,0,0.67359,2
2,3,1,1,1.9574,2
2,1,0,1,0.51061,2
2,6,1,1,0.48317,2
2,2,0,1,0.56979,2
2,6,0,0,0.50705,2
2,5,1,1,0.49909,2
2,2,0,1,0.62619,2
2,6,1,1,0.46622,2
2,6,0,0,0.45817,2
2,3,0,1,0.84202,2
2,3,1,0,0.70122,1
2,5,1,1,0.58451,1
2,4,0,0,0.80193,1
2,5,0,0,0.52308,1
2,1,0,1,0.51968,1
2,2,1,0,0.5295,1
2,4,1,0,0.79445,1
2,1,1,0,0.54597,1
2,4,0,0,0.59471,1
2,1,1,0,0.52254,1
2,5,1,1,0.52898,1
2,5,0,0,0.49721,1
2,1,0,1,0.49239,1
2,3,0,1,0.50906,1
2,4,1,0,0.42412,1
2,2,1,1,0.2914,1
2,2,0,0,NaN,1
2,6,1,1,0.50789,1
2,6,0,0,0.41664,1
2,3,1,1,0.35179,1
2,1,0,1,0.507,1
2,2,1,0,0.54629,1
2,3,1,0,0.39622,1
2,3,0,1,0.40946,1
2,1,1,0,0.3875,1
2,6,1,1,0.60811,1
2,6,0,0,0.49721,1
2,4,1,1,0.50603,1
2,4,0,0,0.31581,1
2,2,0,0,0.41382,1
2,5,1,1,0.40567,1
2,5,0,0,0.46027,1
2,5,1,1,0.43228,1
2,4,0,0,0.37828,1
2,4,1,1,0.40673,1
2,1,0,1,0.52134,1
2,2,1,0,0.58725,1
2,6,1,1,0.69993,1
2,6,0,0,0.46178,1
2,1,1,0,0.51444,1
2,3,1,0,0.49693,1
2,5,0,0,0.43624,1
2,3,0,0,0.48408,1
2,2,0,0,0.48343,1
2,6,1,1,0.65406,1
2,1,0,1,NaN,1
2,4,1,1,0.51788,1
2,5,0,0,0.51703,1
2,5,1,1,0.48371,1
2,2,1,0,0.54099,1
2,3,0,0,0.49205,1
2,1,1,1,NaN,1
2,4,0,1,NaN,1
2,2,0,1,0.41579,1
2,6,0,1,0.3096,2
2,3,1,0,0.69895,2
2,5,0,1,0.55678,2
2,4,1,0,0.71001,2
2,1,0,1,0.47878,2
2,6,0,0,0.61917,2
2,3,1,0,0.56042,2
2,1,1,0,0.61911,2
2,4,0,0,0.56756,2
2,2,1,1,0.51285,2
2,5,1,1,0.59868,2
2,2,0,1,0.55534,2
2,6,1,1,0.50861,2
2,3,0,1,0.47051,2
2,6,1,1,0.53845,2
2,5,0,0,0.54179,2
2,4,0,0,0.56362,2
2,6,0,0,0.53764,2
2,4,1,1,0.65514,2
2,2,0,0,0.47016,2
2,2,1,1,0.62734,2
2,1,1,1,0.48326,2
2,5,1,1,0.666,2
2,1,0,0,0.52179,2
2,3,0,1,0.76302,2
2,3,1,0,0.42757,2
2,6,0,1,0.64355,2
2,5,0,0,0.49146,2
2,5,1,1,0.60409,2
2,1,1,1,0.45124,2
2,6,1,1,0.63654,2
2,3,0,0,0.37312,2
2,3,1,1,0.41648,2
2,2,1,0,NaN,2
2,1,0,1,0.55952,2
2,4,0,1,0.33079,2
2,4,1,0,0.5335,2
2,2,0,1,0.38073,2
2,2,1,0,0.47662,2
2,3,1,0,0.35645,2
2,5,0,1,0.32453,2
2,2,0,1,0.48633,2
2,6,1,1,0.47035,2
2,3,0,0,0.37551,2
2,5,1,1,0.50288,2
2,6,0,0,0.41872,2
2,4,1,0,0.47207,2
2,1,1,0,0.42002,2
2,1,0,1,0.24061,1
2,4,0,0,0.21446,2
2,4,1,1,0.56106,1
2,1,1,0,0.46569,1
2,3,0,1,0.48823,2
2,3,1,0,0.47812,1
2,6,1,1,0.63411,1
2,2,0,1,0.42351,1
2,5,1,0,0.49879,1
2,4,0,0,0.49657,2
2,1,0,1,0.54382,2
2,6,0,0,0.41657,2
2,2,1,0,0.49066,1
2,5,0,0,0.47161,1
2,5,1,1,0.44169,1
2,3,1,0,0.64946,1
2,6,0,0,0.48403,1
2,1,0,1,0.50197,1
2,2,1,1,0.25603,2
2,4,0,0,0.44187,2
2,4,1,1,0.56579,2
2,1,1,0,0.46849,2
2,6,1,1,2.9009,2
2,5,0,0,0.49348,2
2,2,0,0,0.24419,1
2,3,0,1,0.36079,1
2,5,1,0,0.51662,1
2,4,0,1,0.43787,1
2,2,1,0,0.39983,1
2,3,0,1,0.44992,1
2,6,0,0,0.52906,1
2,3,1,1,0.62556,2
2,4,1,1,0.42416,2
2,6,1,1,0.49873,2
2,2,0,1,0.5893,1
2,1,1,0,0.41335,1
2,5,0,0,0.58785,1
23,3,1,1,1.5937,1
23,2,0,1,1.7838,1
23,1,1,0,3.5213,1
23,6,1,1,2.4657,1
23,2,1,1,5.8702,1
23,6,0,0,4.5771,1
23,5,1,1,1.6122,1
23,1,0,0,4.8752,1
23,4,1,1,3.4185,1
23,4,0,0,4.7967,1
23,3,0,0,2.3638,1
23,5,0,1,3.4683,1
23,3,1,1,1.9536,1
23,5,0,1,9.2038,1
23,2,1,0,3.7334,1
23,6,0,0,1.0919,1
23,4,0,0,1.2904,1
23,1,1,0,5.3608,1
23,5,1,1,7.9188,1
23,6,1,1,0.97492,1
23,1,0,1,1.8761,1
23,2,0,1,2.1151,1
23,3,0,1,0.94767,1
23,4,1,0,2.3151,1
23,2,0,1,2.4696,1
23,6,0,0,0.89201,1
23,2,1,1,4.8997,1
23,6,1,0,10.971,1
23,3,1,1,3.0562,1
23,5,0,0,1.4067,1
23,4,0,1,0.98133,1
23,3,0,1,1.0232,1
23,5,1,1,1.8058,1
23,1,1,0,0.94289,1
23,4,1,1,4.1429,1
23,1,0,0,5.7177,1
23,5,1,1,2.9595,1
23,2,1,0,1.3253,1
23,6,1,1,1.0292,1
23,2,0,1,3.4738,1
23,1,0,0,2.1181,1
23,4,1,1,1.4947,1
23,5,0,0,0.94111,1
23,6,0,0,0.89451,1
23,1,1,0,1.1317,1
23,3,1,0,1.5469,1
23,3,0,0,1.3194,1
23,4,0,0,0.79661,1
23,2,1,0,0.85068,1
23,5,0,0,1.5739,1
23,1,1,0,0.82585,1
23,3,1,1,1.261,1
23,1,0,0,0.83946,1
23,6,0,0,1.5588,1
23,6,1,1,1.6579,1
23,5,1,1,0.68977,1
23,3,0,1,0.8785,1
23,4,0,0,0.71735,1
23,2,0,0,1.581,1
23,4,1,1,0.88473,1
23,5,0,1,2.4692,1
23,4,1,0,0.84916,1
23,3,0,1,1.2297,1
23,4,0,0,0.73437,1
23,5,1,1,0.63418,1
23,2,1,0,0.62287,1
23,1,0,0,0.74333,1
23,6,1,1,0.70598,1
23,1,1,0,0.66182,1
23,2,0,1,0.84979,1
23,3,1,0,0.82439,1
23,6,0,0,0.72829,1
23,1,1,0,0.72344,1
23,5,0,0,0.67673,1
23,6,0,0,0.71657,1
23,1,0,1,1.0372,1
23,3,1,1,2.2503,1
23,4,1,1,NaN,1
24,3,1,0,2.0503,1
24,2,0,1,1.5023,1
24,1,1,0,0.82336,1
24,6,1,0,1.1633,1
24,2,1,0,0.91329,1
24,6,0,1,0.6224,1
24,5,1,0,0.8082,1
24,1,0,1,NaN,1
24,4,1,1,1.2509,1
24,4,0,1,1.8926,1
24,3,0,1,0.63124,1
24,5,0,1,0.77573,1
24,3,1,1,0.90312,1
24,5,0,1,0.71567,1
24,2,1,1,0.73978,1
24,6,0,0,0.90346,1
24,4,0,1,0.7834,1
24,1,1,1,0.63387,1
24,5,1,1,0.86262,2
24,6,1,0,1.7033,1
24,1,0,0,1.1768,2
24,2,0,1,0.71132,1
24,3,0,0,0.73335,2
24,4,1,0,1.1131,2
24,2,0,1,1.3811,1
24,6,0,1,0.65032,1
24,2,1,0,0.67171,1
24,6,1,0,0.58947,1
24,3,1,0,1.7005,1
24,5,0,1,0.61783,1
24,4,0,1,0.64772,1
24,3,0,1,1.0543,1
24,5,1,1,1.1322,1
24,1,1,1,0.91691,2
24,4,1,1,1.0207,2
24,1,0,1,1.7679,1
24,5,1,0,0.96981,1
24,2,1,0,0.5297,1
24,6,1,0,0.78425,1
24,2,0,1,0.60084,1
24,1,0,1,0.68665,1
24,4,1,1,0.86628,1
24,5,0,1,1.6804,1
24,6,0,0,0.65705,1
24,1,1,1,0.56219,1
24,3,1,1,0.53342,1
24,3,0,0,0.65003,1
24,4,0,0,0.79791,1
24,2,1,1,0.76912,1
24,5,0,0,0.61173,1
24,1,1,1,0.7723,1
24,3,1,1,0.46124,1
24,1,0,0,0.54229,1
24,6,0,1,0.45555,1
24,6,1,0,0.46675,1
24,5,1,0,0.50526,1
24,3,0,1,0.55063,1
24,4,0,1,0.48577,1
24,2,0,1,0.42903,1
24,4,1,0,0.63381,1
24,5,0,1,0.47152,1
24,4,1,0,0.64751,1
24,3,0,1,0.52746,1
24,4,0,1,0.4394,1
24,5,1,0,0.45862,1
24,2,1,0,0.50441,1
24,1,0,1,0.47376,1
24,6,1,0,0.54298,1
24,1,1,0,0.5896,1
24,2,0,1,0.51165,1
24,3,1,0,0.64618,1
24,6,0,1,0.53594,1
24,1,1,1,0.64468,1
24,5,0,1,0.54109,1
24,6,0,1,0.50303,1
24,1,0,1,0.61506,1
24,3,1,1,0.74226,1
24,4,1,0,0.82351,1
24,2,0,1,0.49998,1
24,5,1,0,0.472,1
24,6,1,0,0.55528,1
24,3,0,1,0.49575,1
24,2,1,0,0.49117,1
24,4,0,1,0.46753,1
24,6,1,0,0.42237,1
25,3,1,1,NaN,1
25,2,0,0,0.66529,1
25,1,1,1,0.35456,1
25,6,1,1,0.47391,1
25,2,1,1,0.26985,1
25,6,0,0,0.33516,1
25,5,1,1,0.22294,1
25,1,0,0,0.29165,1
25,4,1,1,0.21622,1
25,4,0,0,0.23207,1
25,3,0,0,0.63943,1
25,5,0,0,0.28273,1
25,3,1,1,0.26589,1
25,5,0,0,0.21045,1
25,2,1,1,0.20099,1
25,6,0,0,0.18306,1
25,4,0,0,0.18306,1
25,1,1,1,0.48019,1
25,5,1,1,0.56612,1
25,6,1,1,0.43956,1
25,1,0,0,0.79945,1
25,2,0,0,0.34989,1
25,3,0,0,0.61783,1
25,4,1,1,NaN,1
25,2,0,0,0.22358,1
25,6,0,0,0.26287,1
25,2,1,1,0.20346,1
25,6,1,1,0.18306,1
25,3,1,1,0.42274,1
25,5,0,0,0.50259,1
25,4,0,0,0.27521,1
25,3,0,0,0.18306,1
25,5,1,1,0.18306,1
25,1,1,1,0.18306,1
25,4,1,1,NaN,1
25,1,0,0,0.34549,1
25,5,1,1,0.18306,1
25,2,1,1,NaN,1
25,6,1,1,0.36395,1
25,2,0,0,NaN,1
25,1,0,0,NaN,1
25,4,1,1,0.54256,1
25,5,0,0,NaN,1
25,6,0,0,0.28102,1
25,1,1,1,NaN,1
25,3,1,1,0.33449,1
25,3,0,0,0.40773,1
25,4,0,0,0.24227,1
25,2,1,1,0.21381,1
25,5,0,0,0.18306,1
25,1,1,1,NaN,1
25,3,1,1,0.36063,1
25,1,0,0,0.18306,1
25,6,0,0,NaN,1
25,6,1,1,0.3345,1
25,5,1,1,0.18703,1
25,3,0,0,0.18306,1
25,4,0,0,NaN,1
25,2,0,0,NaN,1
25,4,1,1,0.32923,1
25,5,0,0,0.24724,1
25,4,1,1,0.23867,1
25,3,0,0,0.18307,1
25,4,0,0,0.18309,1
25,5,1,1,NaN,1
25,2,1,1,0.18308,1
25,1,0,0,0.19271,1
25,6,1,1,0.18306,1
25,1,1,1,0.18306,1
25,2,0,0,NaN,1
25,3,1,1,NaN,1
25,6,0,0,0.18306,1
25,1,1,1,0.21569,1
25,5,0,0,NaN,1
25,6,0,0,0.25798,1
25,1,0,0,0.26134,1
25,3,1,1,NaN,1
25,4,1,1,NaN,1
26,3,1,1,1.7505,1
26,2,0,1,0.62244,1
26,1,1,0,0.66371,1
26,6,1,1,0.70214,1
26,2,1,1,2.4315,1
26,6,0,1,0.92053,1
26,5,1,1,0.90185,1
26,1,0,1,0.78828,1
26,4,1,1,0.80221,1
26,4,0,1,1.2168,1
26,3,0,0,1.0925,1
26,5,0,1,1.1132,1
26,3,1,1,1.3778,1
26,5,0,1,1.381,1
26,2,1,1,1.153,1
26,6,0,0,1.0641,1
26,4,0,1,1.4719,1
26,1,1,1,1.3131,1
26,5,1,0,0.67695,1
26,6,1,1,0.81877,1
26,1,0,0,1.0568,1
26,2,0,0,1.1279,1
26,3,0,1,0.85246,1
26,4,1,1,1.2604,1
26,2,0,1,1.3727,1
26,6,0,0,1.8999,1
26,2,1,0,2.0017,1
26,6,1,1,1.2642,1
26,3,1,0,0.71603,1
26,5,0,0,0.93544,1
26,4,0,1,0.92317,1
26,3,0,0,0.96177,1
26,5,1,0,0.68693,1
26,1,1,1,0.92548,1
26,4,1,0,0.87015,1
26,1,0,0,0.97744,1
26,5,1,0,0.82656,1
26,2,1,1,0.61066,1
26,6,1,0,0.96708,1
26,2,0,0,1.7837,1
26,1,0,1,2.1254,1
26,4,1,1,1.1687,1
26,5,0,0,1.3471,1
26,6,0,1,1.561,1
26,1,1,0,0.96679,1
26,3,1,1,1.1481,2
26,3,0,0,1.5631,1
26,4,0,1,0.83042,1
26,2,1,1,0.85172,1
26,5,0,1,0.96034,1
26,1,1,1,1.1395,1
26,3,1,1,0.81079,1
26,1,0,1,1.2455,1
26,6,0,0,1.0199,1
26,6,1,1,0.75384,1
26,5,1,1,1.7819,2
26,3,0,1,1.1189,1
26,4,0,0,1.0256,1
26,2,0,1,1.004,1
26,4,1,1,0.88792,1
26,5,0,1,1.0258,1
26,4,1,1,2.1645,1
26,3,0,1,1.0108,1
26,4,0,0,0.99008,1
26,5,1,0,0.95728,1
26,2,1,0,2.6398,2
26,1,0,1,1.6483,1
26,6,1,1,0.99402,1
26,1,1,0,0.80272,1
26,2,0,1,0.6959,1
26,3,1,1,1.0312,1
26,6,0,0,0.89959,1
26,1,1,0,0.97421,1
26,5,0,0,1.1234,1
26,6,0,1,0.81794,1
26,1,0,0,0.78006,1
26,3,1,1,0.81776,1
26,4,1,0,0.27247,1
26,2,0,0,0.77625,1
26,5,1,0,0.38144,1
26,6,1,1,0.6734,1
26,3,0,1,0.63128,1
26,2,1,1,0.57387,1
27,6,1,0,0.77687,1
27,6,0,0,1.3927,1
27,2,1,0,0.82244,1
27,4,0,0,0.65638,1
27,3,1,1,0.88037,1
27,1,0,0,0.78685,1
27,1,1,0,0.6314,1
27,5,0,1,0.50333,1
27,2,0,0,0.72657,1
27,5,1,1,0.64785,1
27,4,1,1,0.83251,1
27,3,0,1,0.71642,1
27,4,1,0,0.57575,1
27,6,0,0,0.63485,1
27,2,1,1,4.4994,1
27,3,0,1,1.8045,1
27,1,0,1,0.71314,1
27,4,0,0,0.64149,1
27,1,1,0,0.52281,1
27,5,1,1,1.5695,1
27,5,0,0,1.2471,1
27,3,1,0,0.53162,1
27,6,1,1,2.3409,1
27,2,0,1,0.66757,1
27,1,1,0,1.7492,1
27,2,1,0,0.53041,1
27,1,0,1,0.71244,1
27,4,1,0,0.71106,1
27,4,0,1,0.53898,1
27,6,0,0,0.52672,1
27,3,0,1,0.52989,1
27,5,1,1,0.67259,1
27,5,0,1,0.58072,1
27,2,0,1,0.71923,1
27,6,1,1,0.61699,1
27,3,1,0,3.6829,1
27,3,0,1,0.48957,1
27,4,1,1,0.76334,1
27,3,1,0,2.7166,1
27,5,1,0,0.80841,1
27,1,0,1,0.52899,1
27,6,1,1,0.51087,1
27,6,0,0,0.46221,1
27,5,0,0,0.57337,1
27,1,1,0,0.55066,1
27,2,1,0,0.5766,1
27,2,0,1,0.47716,1
27,4,0,1,0.58991,1
27,2,1,0,0.52699,1
27,4,1,0,0.49757,1
27,5,0,1,1.0682,1
27,1,1,0,0.53808,1
27,3,0,1,0.60665,1
27,6,1,1,0.51806,1
27,1,0,0,0.47729,1
27,6,0,0,1.1933,1
27,3,1,0,0.55375,1
27,5,1,1,0.56501,1
27,4,0,1,0.61168,1
27,2,0,1,1.1727,1
27,2,1,0,0.49267,1
27,2,0,1,0.58724,1
27,5,1,1,0.64449,1
27,1,0,1,0.80913,1
27,6,0,0,2.9136,1
27,1,1,0,0.52346,1
27,3,0,1,0.7615,1
27,3,1,1,0.60606,1
27,5,0,0,0.50788,1
27,6,1,1,0.99315,1
27,4,1,0,0.51706,1
27,4,0,1,1.6283,1
27,6,1,1,0.85432,1
27,2,1,0,0.54647,1
27,1,0,1,0.89865,1
27,3,0,1,1.2121,1
28,3,1,1,1.2216,1
28,2,0,1,0.87624,1
28,1,1,0,0.72668,1
28,6,1,0,1.4753,1
28,2,1,1,0.73843,1
28,6,0,0,0.77241,1
28,5,1,1,1.4462,1
28,1,0,1,1.3121,1
28,4,1,1,1.0321,1
28,4,0,0,1.6552,1
28,3,0,1,1.1031,1
28,5,0,1,1.0523,1
28,3,1,1,1.8264,1
28,5,0,1,0.60814,1
28,2,1,0,1.5793,1
28,6,0,0,1.6865,1
28,4,0,0,0.80981,1
28,1,1,1,0.82238,1
28,5,1,1,0.82505,1
28,6,1,0,1.028,1
28,1,0,1,1.26,1
28,2,0,1,0.83575,1
28,3,0,0,0.90598,1
28,4,1,0,1.1216,1
28,2,0,0,0.70354,1
28,6,0,0,0.85419,1
28,2,1,1,1.1619,1
28,6,1,1,1.0411,1
28,3,1,0,0.66981,1
28,5,0,1,0.67445,1
28,4,0,1,1.3329,1
28,3,0,1,0.96672,1
28,5,1,0,1.19,1
28,1,1,1,1.4113,1
28,4,1,0,0.68319,1
28,1,0,1,0.88831,1
28,5,1,1,1.0935,1
28,2,1,0,1.0212,1
28,6,1,1,0.91061,1
28,2,0,1,0.67794,1
28,1,0,0,1.0784,1
28,4,1,1,0.86934,1
28,5,0,1,0.82426,1
28,6,0,0,0.86545,1
28,1,1,0,0.70879,1
28,3,1,0,1.1913,1
28,3,0,0,0.65644,1
28,4,0,0,0.98444,1
28,2,1,0,0.88246,1
28,5,0,1,0.74832,1
28,1,1,0,0.66944,1
28,3,1,0,0.70549,1
28,1,0,1,0.60469,1
28,6,0,0,1.0714,1
28,6,1,1,0.51464,1
28,5,1,0,0.54765,1
28,3,0,1,1.0463,1
28,4,0,0,0.9822,1
28,2,0,0,0.57143,1
28,4,1,0,1.1235,1
28,5,0,1,0.76424,1
28,4,1,1,0.78449,1
28,3,0,1,0.88707,1
28,4,0,1,0.78221,1
28,5,1,1,1.1369,1
28,2,1,1,1.1126,1
28,1,0,1,1.2165,1
28,6,1,1,0.83708,1
28,1,1,1,0.61298,1
28,2,0,1,0.78826,1
28,3,1,1,0.65092,1
28,6,0,0,0.49475,1
28,1,1,1,1.0008,1
28,5,0,1,0.75452,1
28,6,0,0,0.56258,1
28,1,0,0,0.58306,1
28,3,1,1,0.51907,1
28,4,1,0,0.50216,1
29,3,1,1,0.87956,1
29,2,0,0,1.1528,1
29,1,1,0,NaN,1
29,6,1,0,1.6764,1
29,2,1,0,1.0363,1
29,6,0,1,0.73965,1
29,5,1,1,1.1903,1
29,1,0,1,0.95208,1
29,4,1,0,1.518,1
29,4,0,1,0.77377,1
29,3,0,1,0.78043,1
29,5,0,1,1.0777,1
29,3,1,0,0.57092,1
29,5,0,1,0.82604,1
29,2,1,0,0.94001,1
29,6,0,0,0.67927,1
29,4,0,0,0.77851,1
29,1,1,0,1.1471,1
29,5,1,1,0.50282,1
29,6,1,1,0.53143,1
29,1,0,1,0.45531,1
29,2,0,1,1.7706,1
29,3,0,1,0.95124,1
29,4,1,0,0.86708,1
29,2,0,1,1.1869,1
29,6,0,0,0.79557,1
29,2,1,0,0.79668,1
29,6,1,1,0.85127,1
29,3,1,1,0.78392,1
29,5,0,0,0.62859,1
29,4,0,0,0.67509,1
29,3,0,0,0.59902,1
29,5,1,1,1.0002,1
29,1,1,0,1.3042,1
29,4,1,0,1.2601,1
29,1,0,0,1.4532,1
29,5,1,1,0.7878,1
29,2,1,0,0.92978,1
29,6,1,0,0.76616,1
29,2,0,0,0.55951,1
29,1,0,1,0.83283,1
29,4,1,0,1.212,1
29,5,0,0,0.99725,1
29,6,0,1,0.69035,1
29,1,1,0,1.1436,1
29,3,1,0,1.0781,1
29,3,0,1,1.0057,1
29,4,0,0,0.92608,1
29,2,1,1,0.91804,1
29,5,0,0,0.77506,1
29,1,1,1,0.9947,1
29,3,1,1,1.7832,1
29,1,0,0,0.85455,1
29,6,0,1,0.91741,1
29,6,1,0,0.62319,1
29,5,1,0,0.68179,1
29,3,0,0,0.66104,1
29,4,0,0,0.61561,1
29,2,0,1,0.79753,1
29,4,1,1,1.2314,1
29,5,0,1,1.0746,1
29,4,1,0,0.55862,1
29,3,0,1,1.2346,1
29,4,0,1,0.67113,1
29,5,1,1,0.63571,1
29,2,1,0,0.68367,1
29,1,0,1,0.45744,1
29,6,1,1,0.5867,1
29,1,1,0,0.54254,1
29,2,0,1,0.93331,1
29,3,1,0,0.75772,1
29,6,0,0,0.66177,1
29,1,1,1,0.55755,1
29,5,0,0,0.77229,1
29,6,0,1,0.36673,1
29,1,0,0,0.28277,1
29,3,1,0,0.47929,1
29,4,1,1,0.63524,1
30,4,1,1,1.1656,1
30,6,0,0,1.6652,1
30,2,0,0,1.5901,1
30,5,1,1,1.3379,1
30,4,0,0,1.4038,1
30,1,0,1,0.80167,1
30,3,0,1,2.755,1
30,3,1,0,3.9663,1
30,1,1,0,0.74143,1
30,5,0,0,0.75984,1
30,6,1,1,0.96752,1
30,2,1,0,1.0216,1
30,4,0,1,0.8294,1
30,1,0,1,0.86134,1
30,4,1,1,1.86,1
30,1,1,1,0.70307,1
30,6,1,1,0.65449,1
30,5,0,0,1.9609,1
30,3,0,1,0.89207,1
30,6,0,0,0.69933,1
30,2,1,0,0.8039,1
30,3,1,1,1.0787,1
30,2,0,1,0.69371,1
30,5,1,1,0.8856,1
30,1,0,1,0.95418,1
30,6,0,0,0.85138,1
30,5,0,0,0.90262,1
30,4,1,0,0.70986,1
30,1,1,0,0.64711,1
30,6,1,1,0.66505,1
30,2,0,1,0.70485,1
30,3,1,0,0.61278,1
30,4,0,1,0.85867,1
30,2,1,0,0.74141,1
30,5,1,1,0.65385,1
30,3,0,1,0.62507,1
30,2,1,0,0.62367,1
30,6,1,1,0.63695,1
30,2,0,1,0.61152,1
30,3,1,0,0.64407,1
30,3,0,1,0.64265,1
30,4,0,1,0.75395,1
30,5,1,1,0.60262,1
30,6,0,0,0.61254,1
30,1,0,1,0.65367,1
30,4,1,0,0.85432,1
30,1,1,0,0.6195,1
30,5,0,0,0.76693,1
30,2,1,0,0.64345,1
30,6,0,0,0.66533,1
30,1,1,0,0.56723,1
30,5,0,0,0.59185,1
30,5,1,1,0.68021,1
30,4,0,1,0.82619,1
30,3,1,0,0.62358,1
30,6,1,1,0.79002,1
30,2,0,1,1.2892,1
30,3,0,1,0.92311,1
30,1,0,1,0.62768,1
30,4,1,1,1.2363,1
30,6,0,0,0.61615,1
30,2,0,1,1.3808,1
30,5,1,1,1.0728,1
30,1,0,1,0.64811,1
30,3,0,1,0.7485,1
30,4,1,1,1.0917,1
30,6,1,1,0.60894,1
30,2,1,0,0.73148,1
30,4,0,1,0.66608,1
30,1,1,0,0.67135,1
30,5,0,0,0.97191,1
30,3,1,1,1.4898,1
30,2,0,1,0.6145,1
30,3,1,0,0.60892,1
30,5,0,0,0.82084,1
30,4,0,0,0.90418,1
30,3,0,1,2.5361,1
30,1,1,0,0.57747,1
30,6,0,0,0.60451,1
30,4,1,1,0.80433,1
31,3,1,0,1.8454,3
31,2,0,1,1.1405,3
31,1,1,1,2.6804,1
31,6,1,0,2.9901,2
31,2,1,0,3.4952,3
31,6,0,1,1.4037,3
31,5,1,0,0.8395,3
31,1,0,1,2.2559,3
31,4,1,1,2.7417,1
31,4,0,1,1.3732,3
31,3,0,1,0.98151,3
31,5,0,1,0.85196,3
31,3,1,0,0.7533,3
31,5,0,1,1.3712,3
31,2,1,0,1.161,3
31,6,0,1,0.92082,3
31,4,0,1,0.89693,3
31,1,1,0,1.3113,3
31,5,1,0,0.82466,3
31,6,1,0,2.4717,1
31,1,0,1,NaN,3
31,2,0,1,2.2952,2
31,3,0,1,1.2423,3
31,4,1,0,2.0963,3
31,2,0,1,3.1366,3
31,6,0,1,0.86194,1
31,2,1,0,1.511,3
31,6,1,0,1.2357,3
31,3,1,0,0.73819,3
31,5,0,1,0.93806,3
31,4,0,1,1.2625,3
31,3,0,1,1.4386,3
31,5,1,0,0.75966,3
31,1,1,1,4.2074,1
31,4,1,0,0.95245,1
31,1,0,0,2.1389,1
31,5,1,0,0.86675,1
31,2,1,0,1.3075,3
31,6,1,0,1.3966,3
31,2,0,1,1.3943,3
31,1,0,1,4.1554,1
31,4,1,0,1.4606,2
31,5,0,1,1.1124,2
31,6,0,1,1.0824,2
31,1,1,0,2.0514,2
31,3,1,1,1.7186,1
31,3,0,0,1.0965,1
31,4,0,0,0.90248,1
31,2,1,0,1.1375,3
31,5,0,0,1.9375,1
31,1,1,0,1.4841,2
31,3,1,0,1.3704,2
31,1,0,0,2.2556,1
31,6,0,1,2.8948,1
31,6,1,0,2.8607,3
31,5,1,1,1.8883,1
31,3,0,0,1.0781,1
31,4,0,1,0.84141,1
31,2,0,1,1.5467,3
31,4,1,0,1.6673,1
31,5,0,1,1.1358,1
31,4,1,0,0.78557,1
31,3,0,0,1.5961,1
31,4,0,1,4.3092,1
31,5,1,0,0.9477,1
31,2,1,0,1.7261,1
31,1,0,0,2.1193,1
31,6,1,0,1.2139,1
31,1,1,0,1.7491,1
31,2,0,0,2.1222,1
31,3,1,1,1.8528,1
31,6,0,1,1.6675,1
31,1,1,1,1.0152,1
31,5,0,0,1.6098,1
31,6,0,1,NaN,1
31,1,0,1,1.2604,3
31,3,1,1,3.0579,1
31,4,1,1,0.9855,2
31,2,0,0,2.2894,2
31,5,1,0,2.8684,1
31,6,1,0,1.3776,2
31,3,0,1,1.0574,2
31,2,1,1,1.5413,2
31,4,0,0,1.9637,2
31,6,1,0,0.84758,2
31,5,0,1,0.93346,1
31,3,1,1,1.6954,2
31,1,1,0,1.1646,1
31,3,0,0,1.161,1
31,5,1,0,2.9148,1
31,6,0,1,1.0193,2
31,1,0,1,0.99453,2
31,4,1,1,1.9239,2
31,2,1,0,2.8382,2
31,4,0,1,1.0008,2
31,2,0,1,0.9814,2
31,4,1,1,1.1472,2
31,3,1,0,1.8863,2
31,6,1,0,0.84347,1
31,6,0,1,1.0274,2
31,1,0,1,6.0612,1
31,5,0,1,1.1435,1
31,5,1,1,1.4967,1
31,3,0,0,1.6239,1
31,2,1,0,0.90643,1
31,1,1,1,1.6816,2
31,4,0,0,1.2928,2
31,2,0,1,1.2753,3
31,5,1,0,1.4892,2
31,4,0,1,0.85898,2
31,3,0,1,1.0163,1
31,2,1,1,1.3928,1
31,1,0,1,1.076,1
31,6,1,0,0.94847,1
31,2,0,1,0.8679,2
31,1,1,0,1.1131,3
31,3,1,1,0.90361,4
31,4,1,0,2.2594,1
31,5,0,1,1.0112,1
31,6,0,0,1.5152,1
31,5,1,1,1.7182,1
31,3,1,0,0.84741,1
31,1,0,1,1.0521,2
31,4,1,0,0.90985,2
31,1,1,0,1.0164,2
31,3,0,0,0.68777,2
31,6,1,0,0.77694,2
31,6,0,0,0.88695,2
31,2,1,0,0.97471,2
31,5,0,1,1.5771,1
31,4,0,1,0.74099,1
31,2,0,1,1.3242,3
31,3,1,0,0.84272,1
31,6,1,0,0.96391,2
31,4,0,1,0.81447,2
31,1,1,0,NaN,2
31,6,0,0,6.5461,1
31,2,1,0,1.1191,1
31,2,0,0,0.78294,1
31,4,1,0,1.087,1
31,1,0,0,0.85615,1
31,5,0,1,1.3979,2
31,5,1,0,1.218,2
31,3,0,1,0.90113,1
31,5,1,0,0.9644,2
31,1,1,1,1.3647,1
31,1,0,1,0.82268,2
31,5,0,0,0.99397,1
31,2,1,0,0.80772,1
31,3,0,1,0.75095,2
31,6,1,0,1.0129,2
31,3,1,0,0.7882,1
31,4,1,0,0.75927,1
31,4,0,1,0.78716,2
31,6,0,1,1.1052,1
31,2,0,1,0.76087,1
31,6,1,0,NaN,2
31,3,0,1,1.0431,1
31,3,1,1,1.8945,1
31,1,1,1,0.80427,1
31,1,0,0,1.1275,1
31,6,0,1,1.0274,2
31,5,0,0,1.0658,2
31,5,1,0,1.0771,1
31,4,1,0,0.85306,1
32,6,1,0,1.5885,1
32,6,0,0,0.88033,2
32,2,1,0,0.61821,1
32,4,0,1,0.94133,2
32,3,1,0,0.66444,1
32,1,0,1,2.9723,2
32,1,1,0,1.0621,1
32,5,0,1,0.92387,1
32,2,0,1,1.8444,1
32,5,1,1,2.2985,1
32,4,1,1,1.1867,1
32,3,0,1,1.8399,1
32,4,1,1,2.199,1
32,6,0,0,NaN,1
32,2,1,0,1.9924,1
32,3,0,1,0.68436,1
32,1,0,1,0.72431,1
32,4,0,0,2.0886,1
32,1,1,0,0.79926,1
32,5,1,1,0.80774,1
32,5,0,0,0.97554,1
32,3,1,0,0.63536,1
32,6,1,1,0.6632,1
32,2,0,1,0.60645,1
32,1,1,0,0.58169,1
32,2,1,0,0.66841,1
32,1,0,1,0.77619,1
32,4,1,0,1.7259,1
32,4,0,1,0.61117,1
32,6,0,0,0.53193,1
32,3,0,1,0.50907,1
32,5,1,1,0.64148,1
32,5,0,1,1.1804,1
32,2,0,1,0.5383,1
32,6,1,1,0.63047,1
32,3,1,0,0.8684,1
32,3,0,1,2.8855,1
32,4,1,0,0.93081,1
32,3,1,0,1.3954,1
32,5,1,0,1.7245,1
32,1,0,1,2.1137,1
32,6,1,1,0.87282,1
32,6,0,0,0.98005,1
32,5,0,1,2.211,1
32,1,1,0,1.237,1
32,2,1,0,0.98875,1
32,2,0,1,2.2867,1
32,4,0,1,1.3277,1
32,2,1,0,1.7457,1
32,4,1,0,1.1981,1
32,5,0,0,0.8686,1
32,1,1,0,0.76392,1
32,3,0,1,0.71982,1
32,6,1,1,0.68838,1
32,1,0,1,0.89571,1
32,6,0,1,1.5842,1
32,3,1,0,0.62728,1
32,5,1,0,0.78522,1
32,4,0,1,0.91594,1
32,2,0,1,0.68499,1
32,2,1,0,0.51554,1
32,2,0,1,0.51835,1
32,5,1,1,0.6007,1
32,1,0,1,0.52807,1
32,6,0,0,0.57789,1
32,1,1,0,0.71697,1
32,3,0,1,0.58549,1
32,3,1,0,1.0316,1
32,5,0,0,1.2058,1
32,6,1,1,0.79302,1
32,4,1,1,1.1069,1
32,4,0,1,0.83246,1
32,6,1,1,0.63462,1
32,2,1,0,0.58589,1
32,1,0,1,0.51772,1
32,3,0,1,0.59307,1
32,4,1,0,0.59752,1
32,4,0,1,0.70352,1
32,5,0,0,1.0201,1
32,1,1,0,0.76049,1
32,3,1,0,0.6418,1
32,6,0,0,0.75626,1
33,1,0,0,0.83474,1
33,1,1,0,NaN,1
33,4,0,0,NaN,1
33,3,1,1,1.4829,1
33,3,0,1,0.789,1
33,6,1,0,1.5729,1
33,4,1,0,0.94866,1
33,6,0,1,0.4045,1
33,2,0,1,0.18306,1
33,5,0,0,0.18306,1
33,2,1,1,NaN,1
33,5,1,1,0.51484,1
33,3,0,0,0.2227,1
33,1,0,0,0.20264,1
33,6,1,0,0.74445,1
33,1,1,0,1.2038,1
33,5,0,1,0.75045,1
33,2,0,0,0.49219,1
33,6,0,1,0.76408,1
33,5,1,0,0.63346,1
33,4,0,1,0.72059,1
33,2,1,0,0.54638,1
33,4,1,1,0.43311,1
33,3,1,0,0.44837,1
33,5,0,1,1.4315,1
33,3,0,0,0.18874,1
33,5,1,0,0.26669,1
33,6,1,0,0.18306,1
33,3,1,1,NaN,1
33,2,0,0,0.275,1
33,2,1,0,0.38353,1
33,4,0,1,0.37283,1
33,1,0,1,0.41346,1
33,1,1,1,0.32488,1
33,4,1,0,0.37173,1
33,6,0,1,0.69184,1
33,3,1,1,0.45582,1
33,2,1,0,2.8549,1
33,1,1,0,0.48093,1
33,5,0,0,0.47465,1
33,3,0,0,1.2732,1
33,6,1,1,NaN,1
33,1,0,1,0.42571,1
33,4,1,0,0.50741,1
33,4,0,1,0.85481,1
33,5,1,0,0.662,1
33,6,0,0,0.18306,1
33,2,0,0,NaN,1
33,1,1,0,0.4742,1
33,1,0,1,0.28281,1
33,6,0,1,0.36348,1
33,6,1,0,0.3826,1
33,4,1,1,0.19313,1
33,5,0,1,0.38594,1
33,5,1,0,0.41231,1
33,3,1,0,0.44173,1
33,2,0,0,0.21562,1
33,3,0,0,0.38682,1
33,4,0,0,0.3341,1
33,2,1,0,NaN,1
33,5,0,0,0.25389,1
33,6,0,0,0.38276,1
33,5,1,1,0.59373,1
33,2,1,1,0.42098,1
33,1,1,1,0.46292,1
33,4,0,1,0.33961,1
33,6,1,0,0.40038,1
33,4,1,0,0.48395,1
33,1,0,0,0.3119,1
33,2,0,1,0.52445,1
33,3,0,1,0.51039,1
33,3,1,0,0.62347,1
33,2,0,0,0.3734,1
33,4,0,1,NaN,2
33,1,0,1,1.072,1
33,5,1,1,0.54516,1
33,6,0,1,0.98095,1
33,5,0,1,0.36688,1
33,2,1,0,0.8434,1
33,6,1,1,0.5454,1
34,3,1,1,0.47911,1
34,2,0,0,NaN,1
34,1,1,1,0.5774,1
34,6,1,0,0.60463,1
34,2,1,0,0.43055,1
34,6,0,0,0.47106,1
34,5,1,1,0.47096,1
34,1,0,1,0.47219,1
34,4,1,1,0.5743,1
34,4,0,1,0.58944,1
34,3,0,1,0.45488,1
34,5,0,1,0.41607,1
34,3,1,1,0.43191,1
34,5,0,0,0.46342,1
34,2,1,1,0.52263,1
34,6,0,0,0.49505,1
34,4,0,1,0.70899,1
34,1,1,0,0.48012,1
34,5,1,1,0.50415,1
34,6,1,1,0.47955,1
34,1,0,1,0.42668,1
34,2,0,1,0.50139,1
34,3,0,1,0.41465,1
34,4,1,0,0.36187,1
34,2,0,1,0.43831,1
34,6,0,0,0.493,1
34,2,1,0,0.4503,1
34,6,1,1,0.43215,1
34,3,1,1,0.35027,1
34,5,0,1,0.42732,1
34,4,0,1,0.46266,1
34,3,0,1,0.35467,1
34,5,1,1,0.36546,1
34,1,1,1,0.42972,1
34,4,1,1,0.4965,1
34,1,0,1,0.40165,1
34,5,1,1,0.49691,1
34,2,1,1,0.4529,1
34,6,1,0,0.50418,1
34,2,0,1,0.57725,1
34,1,0,1,0.43408,1
34,4,1,1,0.44288,1
34,5,0,0,0.43572,1
34,6,0,0,0.4537,1
34,1,1,0,0.42694,1
34,3,1,1,0.45088,1
34,3,0,1,0.40227,1
34,4,0,1,0.39073,1
34,2,1,0,0.66498,1
34,5,0,0,0.4395,1
34,1,1,1,0.43916,1
34,3,1,0,0.41504,1
34,1,0,1,0.41647,1
34,6,0,0,0.41493,1
34,6,1,1,0.41783,1
34,5,1,1,0.38682,1
34,3,0,0,0.41888,1
34,4,0,1,0.33541,1
34,2,0,1,0.36927,1
34,4,1,1,0.4312,1
34,5,0,0,0.40688,1
34,4,1,1,0.40455,1
34,3,0,0,0.35169,1
34,4,0,1,0.38572,1
34,5,1,0,0.47822,1
34,2,1,0,0.41144,1
34,1,0,1,0.47538,1
34,6,1,1,0.39144,1
34,1,1,0,0.51033,1
34,2,0,1,0.44222,1
34,3,1,1,0.46128,1
34,6,0,0,0.45896,1
34,1,1,1,0.39421,1
34,5,0,1,0.48438,1
34,6,0,1,0.56016,1
34,1,0,1,0.60337,1
34,3,1,1,0.35924,1
34,4,1,1,0.50122,1
3,2,0,0,0.87564,1
3,2,1,0,1.5522,1
3,5,1,1,0.79011,1
3,3,1,1,1.0773,1
3,4,0,0,2.4098,1
3,4,1,1,0.65628,1
3,6,0,0,0.66955,1
3,5,0,0,2.6827,1
3,1,0,1,0.74583,1
3,6,1,1,0.56771,1
3,3,0,1,0.68895,1
3,1,1,0,0.64155,1
3,2,0,1,0.90476,1
3,2,1,0,0.87067,1
3,5,0,0,0.64799,1
3,1,0,1,1.4204,1
3,5,1,1,0.58105,1
3,4,1,1,0.70358,1
3,3,0,1,0.69743,1
3,6,1,1,0.53402,1
3,3,1,1,0.72657,1
3,1,1,0,0.73845,1
3,6,0,0,0.55375,1
3,4,0,1,0.86764,1
3,4,1,1,0.56739,1
3,3,0,0,1.4162,1
3,1,1,0,0.81947,1
3,5,1,1,0.5866,1
3,3,1,0,0.74917,1
3,4,0,1,0.85837,1
3,6,0,0,0.52836,1
3,2,1,0,0.59227,1
3,2,0,1,0.6595,1
3,6,1,1,0.604,1
3,1,0,1,0.56389,1
3,5,0,0,0.64114,1
3,6,1,1,1.2275,1
3,4,0,0,2.0169,1
3,5,1,1,0.63477,1
3,6,0,0,0.54203,1
3,2,0,1,0.47734,1
3,1,0,1,0.6759,1
3,2,1,0,0.56943,1
3,3,0,1,0.55027,1
3,4,1,0,0.66748,1
3,3,1,0,0.5574,1
3,5,0,0,0.55209,1
3,1,1,0,0.51657,1
3,2,0,1,0.56057,1
3,5,0,0,0.52985,1
3,5,1,1,0.5316,1
3,1,0,1,0.60085,1
3,4,0,1,0.7401,1
3,1,1,0,0.57811,1
3,3,0,1,0.56195,1
3,4,1,0,0.66928,1
3,2,1,0,0.66776,1
3,3,1,0,0.57296,1
3,6,0,0,0.55488,1
3,6,1,1,0.62559,1
3,6,0,0,0.49936,1
3,1,1,1,1.2333,1
3,5,0,1,0.88055,1
3,3,1,1,0.80431,2
3,5,1,1,1.3485,1
3,2,0,0,1.766,1
3,1,0,0,1.3388,1
3,6,1,1,3.5687,1
3,4,0,0,0.70258,1
3,2,1,1,1.6932,1
3,3,0,1,1.6442,1
3,4,1,1,0.83154,1
3,2,0,0,0.89947,1
3,6,1,1,1.0694,1
3,3,1,1,1.5425,1
3,4,0,0,0.6917,1
3,3,0,0,1.1529,1
3,1,0,0,0.8975,1
3,1,1,1,1.7327,1
4,6,1,1,0.65342,1
4,1,0,1,0.49533,1
4,3,1,0,0.71994,1
4,2,0,1,0.97194,1
4,6,0,0,0.49974,1
4,3,0,0,0.8291,1
4,4,1,1,0.53484,1
4,4,0,0,0.46942,1
4,5,0,0,0.46268,1
4,1,1,0,0.46862,1
4,2,1,0,0.47461,1
4,5,1,1,0.42307,1
4,4,0,0,0.49711,1
4,6,1,1,0.53367,1
4,3,0,0,0.47353,1
4,4,1,1,0.42621,1
4,2,0,1,0.47261,1
4,3,1,0,0.45192,1
4,2,1,0,0.54919,1
4,1,0,1,0.4764,1
4,1,1,0,0.55099,1
4,5,0,0,0.4662,1
4,6,0,0,0.42683,1
4,5,1,1,0.47611,1
4,1,0,1,0.548,1
4,3,0,1,0.50722,1
4,5,1,1,0.46782,1
4,5,0,1,0.6105,1
4,3,1,1,0.52031,1
4,6,1,1,0.47821,1
4,2,0,0,0.44755,1
4,2,1,0,0.44484,1
4,4,1,1,0.67874,1
4,1,1,0,0.49057,1
4,4,0,0,0.60787,1
4,6,0,0,0.41051,1
4,3,1,0,0.46839,1
4,3,0,1,0.45896,1
4,2,0,1,0.5922,1
4,1,1,0,0.446,1
4,6,1,1,0.5159,1
4,4,0,0,0.51782,1
4,5,1,1,0.46454,1
4,1,0,1,0.40965,1
4,2,1,0,0.39435,1
4,6,0,0,0.42693,1
4,4,1,1,0.48608,1
4,5,0,1,0.39473,1
4,3,1,0,0.64655,1
4,3,0,1,0.61457,1
4,5,1,1,0.48239,1
4,5,0,0,0.58163,1
4,1,1,0,0.42487,1
4,6,1,1,0.46945,1
4,6,0,0,0.50003,1
4,4,1,0,0.56009,1
4,4,0,1,0.6152,1
4,2,1,0,0.47911,1
4,2,0,0,0.52304,1
4,1,0,1,0.51825,1
4,2,1,0,0.40225,1
4,6,0,0,0.43044,1
4,5,1,0,0.36737,1
4,4,0,1,0.4354,1
4,1,0,1,0.57265,1
4,3,0,1,0.56304,1
4,4,1,0,0.40703,1
4,3,1,0,0.4836,1
4,5,0,1,0.47629,1
4,1,1,0,0.46226,1
4,2,0,1,NaN,1
4,6,1,1,0.4726,1
4,6,0,0,0.5025,1
4,1,0,1,0.39042,1
4,1,1,0,0.62112,1
4,3,1,0,0.62289,1
4,6,1,1,0.46013,1
4,4,0,1,0.66472,1
